song_key,file_stem,version_num,part,recording_date,duration_seconds,size_bytes,file_extension,is_wip,is_hidden_appledouble,filepath_anonymized
20220812 full set,20220812_full_set,,,,1987.871156462585,79517778,mp3,False,False,Sonica/audio/rehearsal archive/20220812 LIve at Convenients/20220812_full_set.mp3
20220824 full set,20220824_full_set,,,,1777.7427664399092,71112619,mp3,False,False,Sonica/audio/rehearsal archive/20220824_live_at_Convenients/20220824_full_set.mp3
20240601 full set,20240601_full_set,,,,,359397736,wav,False,False,Sonica/audio/rehearsal archive/20240601_Clancys_set/20240601_full_set.wav
20250129 full,20250129_full,,,20250129,,376262320,wav,False,False,Sonica/audio/rehearsal archive/20250129/20250129_full.wav
afternoon sun 20200613,Afternoon_Sun_20200613,,,20200613,205.9473015873016,8240064,mp3,False,False,Sonica/audio/rehearsal archive/20200613/Afternoon_Sun_20200613.mp3
afternoon sun 20200704,Afternoon_Sun_20200704,,,20200704,230.15108843537416,9208684,mp3,False,False,Sonica/audio/rehearsal archive/20200704/Afternoon_Sun_20200704.mp3
afternoon sun 20200725,Afternoon_Sun_20200725,,,20200725,251.8910657596372,10078040,mp3,False,False,Sonica/audio/rehearsal archive/20200725/Afternoon_Sun_20200725.mp3
afternoon sun 20200801,Afternoon_Sun_20200801,,,20200801,244.45968253968252,9781288,mp3,False,False,Sonica/audio/rehearsal archive/20200801/Afternoon_Sun_20200801.mp3
afternoon sun demo,Afternoon_Sun_DEMO,,,20200516,181.1330612244898,7246411,mp3,False,False,Sonica/audio/rehearsal archive/20200516/Afternoon_Sun_DEMO.mp3
afternoon sun demo,Afternoon_Sun_DEMO,,,20200523,181.1330612244898,7246411,mp3,False,False,Sonica/audio/rehearsal archive/20200523/Afternoon_Sun_DEMO.mp3
alan 02 20211006,Alan_02_20211006,,,,285.0243537414966,11404015,mp3,False,False,Sonica/audio/rehearsal archive/working/Alan_02_20211006.mp3
alan new 01 20210923,alan_new_01_20210923,,,20210923,239.8782993197279,9597386,mp3,False,False,Sonica/audio/rehearsal archive/20210923/alan_new_01_20210923.mp3
arialle alan,Arialle - Alan,,,,441.396375,10593617,mp3,False,False,Sonica/audio/rehearsal archive/working/Arialle - Alan.mp3
ballerina 20191214,Ballerina 20191214,,,20191214,274.5,10982921,mp3,False,False,Sonica/audio/rehearsal archive/20191214/Ballerina 20191214.mp3
ballerina 20200307,Ballerina_20200307_v1,1.0,,20200307,281.0117006802721,11243101,mp3,False,False,Sonica/audio/rehearsal archive/20200307/Ballerina_20200307_v1.mp3
ballerina instrumental 20200229,ballerina_instrumental_20200229,,,20200229,391.7322448979592,15671405,mp3,False,False,Sonica/audio/rehearsal archive/20200229/ballerina_instrumental_20200229.mp3
bass,bass,,,,,21867248,wav,False,False,Sonica/audio/rehearsal archive/20240601_Clancys_set/bass.wav
believe 20191214,Believe 20191214,,,20191214,422.0,16882415,mp3,False,False,Sonica/audio/rehearsal archive/20191214/Believe 20191214.mp3
believe 20200215,believe_20200215,,,20200215,322.99641723356007,12922279,mp3,False,False,Sonica/audio/rehearsal archive/20200215/believe_20200215.mp3
believe instrumental 20200229,believe_instrumental_20200229,,,20200229,765.2571428571429,30612401,mp3,False,False,Sonica/audio/rehearsal archive/20200229/believe_instrumental_20200229.mp3
bellerina 20191116,Bellerina_20191116,,,20191116,285.3268027210884,11415509,mp3,False,False,Sonica/audio/rehearsal archive/20191116/Bellerina_20191116.mp3
bitch 20200215,bitch_20200215,,,20200215,220.0497278911565,8804336,mp3,False,False,Sonica/audio/rehearsal archive/20200215/bitch_20200215.mp3
bitch 20200229,Bitch_20200229,,,20200229,232.7773015873016,9314246,mp3,False,False,Sonica/audio/rehearsal archive/20200229/Bitch_20200229.mp3
bitch 20200307,Bitch_20200307_v1,1.0,,20200307,263.3404081632653,10535705,mp3,False,False,Sonica/audio/rehearsal archive/20200307/Bitch_20200307_v1.mp3
bitch 20200314,Bitch_20200314_v1,1.0,,20200314,290.9467573696145,11640162,mp3,False,False,Sonica/audio/rehearsal archive/20200314/Bitch_20200314_v1.mp3
bitch 20200314,Bitch_20200314_v2,2.0,,20200314,285.6238548752834,11428048,mp3,False,False,Sonica/audio/rehearsal archive/20200314/Bitch_20200314_v2.mp3
bitch 20200502,Bitch_20200502,,,20200502,250.7365759637188,10032064,mp3,False,False,Sonica/audio/rehearsal archive/20200502/Bitch_20200502.mp3
bitch 20200516,Bitch_20200516,,,20200516,282.6812244897959,11309974,mp3,False,False,Sonica/audio/rehearsal archive/20200516/Bitch_20200516.mp3
bitch 20200523,Bitch_20200523,,,20200523,270.85326530612247,10836635,mp3,False,False,Sonica/audio/rehearsal archive/20200523/Bitch_20200523.mp3
bitch 20200606,Bitch_20200606,,,20200606,257.2457596371882,10292244,mp3,False,False,Sonica/audio/rehearsal archive/20200606/Bitch_20200606.mp3
bitch 20200620,Bitch_20200620,,,20200620,268.78108843537416,10754088,mp3,False,False,Sonica/audio/rehearsal archive/20200620/Bitch_20200620.mp3
bitch 20200627,Bitch_20200627,,,20200627,282.7567120181406,11313109,mp3,False,False,Sonica/audio/rehearsal archive/20200627/Bitch_20200627.mp3
bitch 20200704,Bitch_20200704,,,20200704,275.0855328798186,11005909,mp3,False,False,Sonica/audio/rehearsal archive/20200704/Bitch_20200704.mp3
bitch 20200725,Bitch_20200725,,,20200725,285.10385487528345,11407150,mp3,False,False,Sonica/audio/rehearsal archive/20200725/Bitch_20200725.mp3
bitch 20200801,Bitch_20200801,,,20200801,251.6095238095238,10066546,mp3,False,False,Sonica/audio/rehearsal archive/20200801/Bitch_20200801.mp3
bitch 20200808,Bitch_20200808,,,20200808,312.32498866213155,12495933,mp3,False,False,Sonica/audio/rehearsal archive/20200808/Bitch_20200808.mp3
bitch 20200822,Bitch_20200822,,,20200822,287.43888888888887,11500146,mp3,False,False,Sonica/audio/rehearsal archive/20200822/Bitch_20200822.mp3
bitch 20200912,Bitch_20200912,,,20200912,293.5899319727891,11745697,mp3,False,False,Sonica/audio/rehearsal archive/20200912/Bitch_20200912.mp3
bitch 20201003,Bitch 20201003,,,,277.7556235827664,11112488,mp3,False,False,Sonica/audio/rehearsal archive/20200620 Demo Recording/RWMix/Bitch 20201003.mp3
bitch 20201010 01,Bitch_20201010_01,,,20201010,264.72725623582767,10592129,mp3,False,False,Sonica/audio/rehearsal archive/20201010/Bitch_20201010_01.mp3
bitch 20201010 02,Bitch_20201010_02,,,20201010,261.16931972789115,10448978,mp3,False,False,Sonica/audio/rehearsal archive/20201010/Bitch_20201010_02.mp3
bitch 20201017,Bitch_20201017,,,20201017,286.8128798185941,11475068,mp3,False,False,Sonica/audio/rehearsal archive/20201017/Bitch_20201017.mp3
bitch 20201022 camfield,Bitch_20201022_camfield,,,,283.2109297052154,11330872,mp3,False,False,Sonica/audio/rehearsal archive/20201022 (Camfield)/Bitch_20201022_camfield.mp3
bitch 20201107,Bitch_20201107,,,20201107,281.65022675736964,11268178,mp3,False,False,Sonica/audio/rehearsal archive/20201107/Bitch_20201107.mp3
bitch 20201125,Bitch_20201125,,,20201125,297.51174603174604,11903476,mp3,False,False,Sonica/audio/rehearsal archive/20201125/Bitch_20201125.mp3
bitch 20201202,Bitch_20201202,,,20201202,302.9871201814059,12121860,mp3,False,False,Sonica/audio/rehearsal archive/20201202/Bitch_20201202.mp3
bitch 20201219,Bitch_20201219,,,20201219,282.3546485260771,11296391,mp3,False,False,Sonica/audio/rehearsal archive/20201219/Bitch_20201219.mp3
bitch 20210113,Bitch_20210113,,,20210113,273.3738775510204,10937991,mp3,False,False,Sonica/audio/rehearsal archive/20210113/Bitch_20210113.mp3
bitch 20210116,Bitch_20210116,,,20210116,284.54770975056687,11384162,mp3,False,False,Sonica/audio/rehearsal archive/20210116/Bitch_20210116.mp3
bitch 20210120,Bitch_20210120,,,20210120,266.407664399093,10659003,mp3,False,False,Sonica/audio/rehearsal archive/20210120/Bitch_20210120.mp3
bitch 20210210,Bitch_20210210,,,20210210,284.1648979591837,11369533,mp3,False,False,Sonica/audio/rehearsal archive/20210210/Bitch_20210210.mp3
bitch 20210217,Bitch_20210217,,,,279.5921768707483,11186676,mp3,False,False,Sonica/audio/rehearsal archive/20210217 (Beaconsfield)/Bitch_20210217.mp3
bitch 20210225,Bitch_20210225,,,20210225,282.06657596371883,11284897,mp3,False,False,Sonica/audio/rehearsal archive/20210225/Bitch_20210225.mp3
bitch 20210308,Bitch_20210308,,,20210308,280.72031746031746,11231607,mp3,False,False,Sonica/audio/rehearsal archive/20210308/Bitch_20210308.mp3
bitch 20210317,Bitch_20210317,,,20210317,295.1974376417233,11810480,mp3,False,False,Sonica/audio/rehearsal archive/20210317/Bitch_20210317.mp3
bitch 20210331,Bitch_20210331,,,20210331,286.2332879818594,11452080,mp3,False,False,Sonica/audio/rehearsal archive/20210331/Bitch_20210331.mp3
bitch 20210408,Bitch_20210408,,,20210408,278.65256235827667,11149060,mp3,False,False,Sonica/audio/rehearsal archive/20210408/Bitch_20210408.mp3
bitch 20210414,Bitch_20210414,,,20210414,287.2109977324263,11490742,mp3,False,False,Sonica/audio/rehearsal archive/20210414/Bitch_20210414.mp3
bitch 20210526,bitch_20210526,,,20210526,305.94378684807253,12239933,mp3,False,False,Sonica/audio/rehearsal archive/20210526/bitch_20210526.mp3
bitch 20210609,bitch_20210609,,,20210609,303.34437641723355,12136488,mp3,False,False,Sonica/audio/rehearsal archive/20210609/bitch_20210609.mp3
bitch 20210623,bitch_20210623,,,20210623,283.75451247165535,11352815,mp3,False,False,Sonica/audio/rehearsal archive/20210623/bitch_20210623.mp3
bitch 20210707,bitch_20210707,,,20210707,295.7141950113379,11831378,mp3,False,False,Sonica/audio/rehearsal archive/20210707/bitch_20210707.mp3
bitch 20210722,bitch_20210722,,,20210722,302.5402267573696,12104097,mp3,False,False,Sonica/audio/rehearsal archive/20210722/bitch_20210722.mp3
bitch 20210805,bitch_20210805,,,20210805,289.8902494331066,11598366,mp3,False,False,Sonica/audio/rehearsal archive/20210805/bitch_20210805.mp3
bitch 20210824,bitch_20210824,,,20210824,270.8725850340136,10837680,mp3,False,False,Sonica/audio/rehearsal archive/20210824/bitch_20210824.mp3
bitch 20210914,bitch_20210914,,,20210914,294.5767800453515,11785403,mp3,False,False,Sonica/audio/rehearsal archive/20210914/bitch_20210914.mp3
bitch 20210923,bitch_20210923,,,20210923,304.9235600907029,12199182,mp3,False,False,Sonica/audio/rehearsal archive/20210923/bitch_20210923.mp3
bitch 20210928,bitch_20210928,,,20210928,279.4139909297052,11179362,mp3,False,False,Sonica/audio/rehearsal archive/20210928/bitch_20210928.mp3
bitch 20211006,bitch_20211006,,,20211006,287.6865306122449,11509550,mp3,False,False,Sonica/audio/rehearsal archive/20211006/bitch_20211006.mp3
bitch 20211101,bitch_20211101,,,20211101,282.4111111111111,11299525,mp3,False,False,Sonica/audio/rehearsal archive/20211101/bitch_20211101.mp3
bitch 20211201,bitch_20211201,,,20211201,270.2202721088435,10811558,mp3,False,False,Sonica/audio/rehearsal archive/20211201/bitch_20211201.mp3
bitch 20220316,Bitch_20220316,,,20220316,281.884716553288,11277582,mp3,False,False,Sonica/audio/rehearsal archive/20220316/Bitch_20220316.mp3
bitch 20220928,bitch_20220928,,,20220928,282.0400453514739,11283852,mp3,False,False,Sonica/audio/rehearsal archive/20220928/bitch_20220928.mp3
bitch 20221005,bitch_20221005,,,20221005,295.2768480725624,11813615,mp3,False,False,Sonica/audio/rehearsal archive/20221005/bitch_20221005.mp3
bitch 20230315,bitch_20230315,,,20230315,288.0684580498866,11525223,mp3,False,False,Sonica/audio/rehearsal archive/20230315/bitch_20230315.mp3
bitch 20230405,bitch_20230405,,,20230405,291.56689342403627,11665240,mp3,False,False,Sonica/audio/rehearsal archive/20230405/bitch_20230405.mp3
bitch 20230607,bitch_20230607,,,20230607,281.077525,11243101,mp3,False,False,Sonica/audio/rehearsal archive/20230607/bitch_20230607.mp3
bitch 20230607,bitch_20230607,,,,281.077525,11243101,mp3,False,False,Sonica/audio/rehearsal archive/Latest/ZZZ-hold/bitch_20230607.mp3
bitch mastered,Bitch Mastered,,,,,81024092,wav,False,False,Sonica/audio/rehearsal archive/20200620 Demo Recording/archive/Bitch Mastered.wav
bitch mastered,Bitch Mastered (old),,,,281.4,5630125,mp3,False,False,Sonica/audio/rehearsal archive/20200620 Demo Recording/archive/Bitch Mastered (old).mp3
bitch mastered2,Bitch Mastered2,,,,,81024092,wav,False,False,Sonica/audio/rehearsal archive/20200620 Demo Recording/WAvs/Bitch Mastered2.wav
bitch sonica,Bitch_Sonica,,,,281.4,5630183,mp3,False,False,Sonica/audio/rehearsal archive/20200620 Demo Recording/Mp3/Bitch_Sonica.mp3
black dog 20190914,Black_Dog_v01_20190914,1.0,,20190914,486.5,19462295,mp3,False,False,Sonica/audio/rehearsal archive/20190914/Black_Dog_v01_20190914.mp3
black dog 20190928,Black_Dog_v02_20190928,2.0,,20190928,288.0,11522088,mp3,False,False,Sonica/audio/rehearsal archive/20190928/Black_Dog_v02_20190928.mp3
black dog 20191116,Black_Dog_20191116,,,20191116,316.5344217687075,12664162,mp3,False,False,Sonica/audio/rehearsal archive/20191116/Black_Dog_20191116.mp3
black dog 20191214,Black_dog 20191214,,,20191214,231.0,9242121,mp3,False,False,Sonica/audio/rehearsal archive/20191214/Black_dog 20191214.mp3
black dog 20200215,black_dog_20200215,,,20200215,279.8660544217687,11197152,mp3,False,False,Sonica/audio/rehearsal archive/20200215/black_dog_20200215.mp3
black dogs 20190831,Black Dogs - 20190831,,,20190831,292.0543333333333,7009434,mp3,False,False,Sonica/audio/rehearsal archive/20190831/Black Dogs - 20190831.mp3
black dogs 20191102,Black_dogs_20191102,,,20191102,266.0,10642284,mp3,False,False,Sonica/audio/rehearsal archive/20191102/Black_dogs_20191102.mp3
black dogs 20191109,Black_Dogs_20191109,,,20191109,308.7907482993197,12353944,mp3,False,False,Sonica/audio/rehearsal archive/20191109/Black_Dogs_20191109.mp3
charmed,Charmed (bandlab edit),,,20250114,,56412126,wav,False,False,Sonica/audio/rehearsal archive/20250114/Charmed (bandlab edit).wav
charmed,Charmed (bandlab edit),,,20250211,,56412126,wav,False,False,Sonica/audio/rehearsal archive/20250211/Charmed (bandlab edit).wav
charmed,Charmed (bandlab edit),,,,,56412126,wav,False,False,Sonica/audio/rehearsal archive/Latest/Charmed (bandlab edit).wav
charmed,Charmed (bandlab edit),,,,,56412126,wav,False,False,Sonica/audio/rehearsal archive/working/Charmed (bandlab edit).wav
charmed 20230315,charmed_20230315,,,20230315,370.4965986394558,14822921,mp3,False,False,Sonica/audio/rehearsal archive/20230315/charmed_20230315.mp3
charmed 20230405,charmed_20230405,,,20230405,365.93757369614514,14640064,mp3,False,False,Sonica/audio/rehearsal archive/20230405/charmed_20230405.mp3
charmed 20250319,charmed_20250319,,,20250319,,54507724,wav,False,False,Sonica/audio/rehearsal archive/20250319/charmed_20250319.wav
charmed 20250830 rw,charmed_20250830_RW,,,,,51294412,wav,False,False,Sonica/audio/rehearsal archive/working/charmed_20250830_RW.wav
charmed edit,charmed_edit,,,,,23586868,wav,False,False,Sonica/audio/rehearsal archive/working/charmed_edit.wav
charmed life 20200905,charmed_life_20200905,,,,1360.923514739229,54439182,mp3,False,False,Sonica/audio/rehearsal archive/20200905 - writing session/charmed_life_20200905.mp3
charmed life 20200912,charmed_life_20200912,,,20200912,313.91056689342406,12558627,mp3,False,False,Sonica/audio/rehearsal archive/20200912/charmed_life_20200912.mp3
charmed life 20200926,charmed_life_20200926,,,20200912,321.11748299319726,12847019,mp3,False,False,Sonica/audio/rehearsal archive/20200912/charmed_life_20200926.mp3
charmed life 20201010,charmed_life_20201010,,,20201010,338.48473922902497,13541876,mp3,False,False,Sonica/audio/rehearsal archive/20201010/charmed_life_20201010.mp3
charmed life 20201017,charmed_life_20201017,,,20201017,399.18995464852605,15970219,mp3,False,False,Sonica/audio/rehearsal archive/20201017/charmed_life_20201017.mp3
charmed life 20201107,charmed_life_20201107,,,20201107,376.87179138322,15077876,mp3,False,False,Sonica/audio/rehearsal archive/20201107/charmed_life_20201107.mp3
charmed life 20201107 outro,charmed_life_20201107_outro,,,20201107,130.5996598639456,5226578,mp3,False,False,Sonica/audio/rehearsal archive/20201107/charmed_life_20201107_outro.mp3
charmed life 20201125,charmed_life_20201125,,,20201125,342.69557823129253,13710105,mp3,False,False,Sonica/audio/rehearsal archive/20201125/charmed_life_20201125.mp3
charmed life 20201202,charmed_life_20201202,,,20201202,361.5959863945578,14466611,mp3,False,False,Sonica/audio/rehearsal archive/20201202/charmed_life_20201202.mp3
charmed life 20201219,charmed_life_20201219,,,20201219,359.67555555555555,14389288,mp3,False,False,Sonica/audio/rehearsal archive/20201219/charmed_life_20201219.mp3
charmed life 20210113,charmed_life_20210113,,,20210113,484.4431065759637,19380766,mp3,False,False,Sonica/audio/rehearsal archive/20210113/charmed_life_20210113.mp3
charmed life 20210116,charmed_life_20210116,,,20210116,330.5416553287982,13224227,mp3,False,False,Sonica/audio/rehearsal archive/20210116/charmed_life_20210116.mp3
charmed life 20210120,charmed_life_20210120,,,20210120,348.0270068027211,13923264,mp3,False,False,Sonica/audio/rehearsal archive/20210120/charmed_life_20210120.mp3
charmed life 20210210,charmed_life_20210210,,,20210210,359.94319727891155,14400782,mp3,False,False,Sonica/audio/rehearsal archive/20210210/charmed_life_20210210.mp3
charmed life 20210217,charmed_life_20210217,,,,356.9508390022676,14280619,mp3,False,False,Sonica/audio/rehearsal archive/20210217 (Beaconsfield)/charmed_life_20210217.mp3
charmed life 20210225,charmed_life_20210225,,,20210225,361.7659637188208,14472880,mp3,False,False,Sonica/audio/rehearsal archive/20210225/charmed_life_20210225.mp3
charmed life 20210303,charmed_life_20210303,,,20210303,352.70850340136053,14111346,mp3,False,False,Sonica/audio/rehearsal archive/20210303/charmed_life_20210303.mp3
charmed life 20210308,charmed_life_20210308,,,20210308,343.6739909297052,13749811,mp3,False,False,Sonica/audio/rehearsal archive/20210308/charmed_life_20210308.mp3
charmed life 20210317,charmed_life_20210317,,,20210317,375.7405442176871,15031901,mp3,False,False,Sonica/audio/rehearsal archive/20210317/charmed_life_20210317.mp3
charmed life 20210321,charmed_life_20210321,,,,358.2201814058957,14331819,mp3,False,False,Sonica/audio/rehearsal archive/20210321 (The Baltimore)/charmed_life_20210321.mp3
charmed life 20210331,charmed_life_20210331,,,20210331,352.001768707483,14083133,mp3,False,False,Sonica/audio/rehearsal archive/20210331/charmed_life_20210331.mp3
charmed life 20210408,charmed_life_20210408,,,20210408,367.31172335600905,14695444,mp3,False,False,Sonica/audio/rehearsal archive/20210408/charmed_life_20210408.mp3
charmed life 20210414,charmed_life_20210414,,,20210414,371.7195464852608,14870986,mp3,False,False,Sonica/audio/rehearsal archive/20210414/charmed_life_20210414.mp3
charmed life 20210512,charmed_life_20210512,,,20210512,358.2702494331066,14333909,mp3,False,False,Sonica/audio/rehearsal archive/20210512/charmed_life_20210512.mp3
charmed life 20210526,charmed_life_20210526,,,20210526,392.4219501133786,15699591,mp3,False,False,Sonica/audio/rehearsal archive/20210526/charmed_life_20210526.mp3
charmed life 20210603,charmed_life_20210603,,,,352.9565759637188,14120750,mp3,False,False,Sonica/audio/rehearsal archive/20210603 - Sonar Room/charmed_life_20210603.mp3
charmed life 20210609,charmed_life_20210609,,,20210609,383.1850566893424,15329697,mp3,False,False,Sonica/audio/rehearsal archive/20210609/charmed_life_20210609.mp3
charmed life 20210623,charmed_life_20210623,,,20210623,378.8683446712018,15157288,mp3,False,False,Sonica/audio/rehearsal archive/20210623/charmed_life_20210623.mp3
charmed life 20210707mp3,charmed_life_20210707mp3,,,20210707,391.25721088435375,15652570,mp3,False,False,Sonica/audio/rehearsal archive/20210707/charmed_life_20210707mp3.mp3
charmed life 20210722,charmed_life_20210722,,,20210722,376.6445804988662,15068472,mp3,False,False,Sonica/audio/rehearsal archive/20210722/charmed_life_20210722.mp3
charmed life 20210724,charmed_life_20210724,,,20210724,366.77238095238096,14673501,mp3,False,False,Sonica/audio/rehearsal archive/20210724/charmed_life_20210724.mp3
charmed life 20210731,charmed_life_20210731,,,,370.016507936508,14803068,mp3,False,False,Sonica/audio/rehearsal archive/20210731 - sonar room/charmed_life_20210731.mp3
charmed life 20210805,charmed_life_20210805,,,20210805,391.2263492063492,15651525,mp3,False,False,Sonica/audio/rehearsal archive/20210805/charmed_life_20210805.mp3
charmed life 20210812,charmed_life_20210812,,,20210812,399.946507936508,16000521,mp3,False,False,Sonica/audio/rehearsal archive/20210812/charmed_life_20210812.mp3
charmed life 20210819,charmed_life_20210819,,,20210819,375.1241723356009,15007868,mp3,False,False,Sonica/audio/rehearsal archive/20210819/charmed_life_20210819.mp3
charmed life 20210824,charmed_life_20210824,,,20210824,370.4402040816327,14819786,mp3,False,False,Sonica/audio/rehearsal archive/20210824/charmed_life_20210824.mp3
charmed life 20210831,charmed_life_20210831,,,20210831,380.66063492063495,15229386,mp3,False,False,Sonica/audio/rehearsal archive/20210831/charmed_life_20210831.mp3
charmed life 20210902,charmed_life_20210902,,,,371.2980725623583,14854268,mp3,False,False,Sonica/audio/rehearsal archive/20210902 - Convenients/charmed_life_20210902.mp3
charmed life 20210914,charmed_life_20210914,,,20210914,378.5333786848073,15143705,mp3,False,False,Sonica/audio/rehearsal archive/20210914/charmed_life_20210914.mp3
charmed life 20210928,charmed_life_20210928,,,20210928,389.2577097505669,15573158,mp3,False,False,Sonica/audio/rehearsal archive/20210928/charmed_life_20210928.mp3
charmed life 20211006,charmed_life_20211006,,,20211006,419.4176870748299,16778970,mp3,False,False,Sonica/audio/rehearsal archive/20211006/charmed_life_20211006.mp3
charmed life 20211026,charmed_life_20211026,,,20211026,357.8860997732426,14318235,mp3,False,False,Sonica/audio/rehearsal archive/20211026/charmed_life_20211026.mp3
charmed life 20211101,charmed_life_20211101,,,20211101,368.6748072562359,14749778,mp3,False,False,Sonica/audio/rehearsal archive/20211101/charmed_life_20211101.mp3
charned no vox,charned_no_vox,,,,,56408036,wav,False,False,Sonica/audio/rehearsal archive/working/charned_no_vox.wav
delusional,delusional,,,20230621,281.2017913832199,11250415,mp3,False,False,Sonica/audio/rehearsal archive/20230621/delusional.mp3
delusional 20230208,delusional_20230208,,,20230208,260.26485260770977,10413452,mp3,False,False,Sonica/audio/rehearsal archive/20230208/delusional_20230208.mp3
delusional 20230315,delusional_20230315,,,20230315,314.9150566893424,12599378,mp3,False,False,Sonica/audio/rehearsal archive/20230315/delusional_20230315.mp3
delusional 20230329,delusional_20230329,,,20230329,279.71521541950113,11190856,mp3,False,False,Sonica/audio/rehearsal archive/20230329/delusional_20230329.mp3
delusional 20230405,delusional_20230405,,,20230405,289.331768707483,11575378,mp3,False,False,Sonica/audio/rehearsal archive/20230405/delusional_20230405.mp3
delusional 20230419,delusional_20230419,,,20230419,296.3069,11852276,mp3,False,False,Sonica/audio/rehearsal archive/20230419/delusional_20230419.mp3
delusional 20230419,delusional_20230419,,,20230524,296.3069,11852276,mp3,False,False,Sonica/audio/rehearsal archive/20230524/delusional_20230419.mp3
delusional 20230607,delusional_20230607,,,20230607,271.438325,10857533,mp3,False,False,Sonica/audio/rehearsal archive/20230607/delusional_20230607.mp3
delusional 20230927,delusional_20230927,,,20230927,268.2439909297052,10732146,mp3,False,False,Sonica/audio/rehearsal archive/20230927/delusional_20230927.mp3
delusional 20231011,delusional_20231011,,,20231011,264.08562358276646,10566007,mp3,False,False,Sonica/audio/rehearsal archive/20231011/delusional_20231011.mp3
delusional 20231101,delusional_20231101,,,20231101,256.0618820861678,10245223,mp3,False,False,Sonica/audio/rehearsal archive/20231101/delusional_20231101.mp3
delusional 20240403,delusional_20240403,,,20240403,270.5297278911565,10824097,mp3,False,False,Sonica/audio/rehearsal archive/20240403/delusional_20240403.mp3
delusional 20240417,delusional_20240417,,,20240417,266.4349886621315,10660048,mp3,False,False,Sonica/audio/rehearsal archive/20240417/delusional_20240417.mp3
delusional 20240423,delusional_20240423,,,20240423,281.19873015873014,11250415,mp3,False,False,Sonica/audio/rehearsal archive/20240423/delusional_20240423.mp3
delusional 20240423 edit,delusional_20240423_edit,,,20240423,241.2824716553288,9653811,mp3,False,False,Sonica/audio/rehearsal archive/20240423/delusional_20240423_edit.mp3
delusional 20240508,delusional_20240508,,,20240508,218.299433106576,8734301,mp3,False,False,Sonica/audio/rehearsal archive/20240508/delusional_20240508.mp3
delusional 20240515,delusional_20240515,,,20240515,,38622568,wav,False,False,Sonica/audio/rehearsal archive/20240515/delusional_20240515.wav
delusional 20240522,delusional_20240522,,,20240522,,19671470,wav,False,False,Sonica/audio/rehearsal archive/20240522/delusional_20240522.wav
delusional 20241023,delusional_20241023,,,20241023,,39548480,wav,False,False,Sonica/audio/rehearsal archive/20241023/delusional_20241023.wav
delusional 20241030,delusional_20241030,,,20241030,,42100820,wav,False,False,Sonica/audio/rehearsal archive/20241030/delusional_20241030.wav
delusional 20241128,delusional_20241128,,,20241128,,42275500,wav,False,False,Sonica/audio/rehearsal archive/20241128/delusional_20241128.wav
delusional 20241218,delusional_20241218,,,20241218,,43815740,wav,False,False,Sonica/audio/rehearsal archive/20241218/delusional_20241218.wav
delusional 20241218 novox,delusional_20241218_noVox,,,20241218,,43815740,wav,False,False,Sonica/audio/rehearsal archive/20241218/no vox/delusional_20241218_noVox.wav
delusional 20250114,delusional_20250114,,,20250114,,44452844,wav,False,False,Sonica/audio/rehearsal archive/20250114/delusional_20250114.wav
delusional 20250114,delusional_20250114,,,,,44452844,wav,False,False,Sonica/audio/rehearsal archive/Latest/delusional_20250114.wav
delusional 20250211,delusional_20250211,,,20250211,,42336124,wav,False,False,Sonica/audio/rehearsal archive/20250211/delusional_20250211.wav
delusional 20250319,delusional_20250319,,,20250319,,43394524,wav,False,False,Sonica/audio/rehearsal archive/20250319/delusional_20250319.wav
delusional 20250319 remix,delusional_20250319_remix,,,20250319,,43394444,wav,False,False,Sonica/audio/rehearsal archive/20250319/delusional_20250319_remix.wav
delusionals 20230215,delusionals_20230215,,,20230215,300.6503628117914,12028864,mp3,False,False,Sonica/audio/rehearsal archive/20230215/delusionals_20230215.mp3
descend 20201014,Descend_20201014_(MOJOs),,,,305.6881632653061,12230529,mp3,False,False,Sonica/audio/rehearsal archive/20201014 (Mojos)/Descend_20201014_(MOJOs).mp3
descend into blue 20200912,Descend_into_Blue_20200912,,,20200912,293.2322222222222,11732113,mp3,False,False,Sonica/audio/rehearsal archive/20200912/Descend_into_Blue_20200912.mp3
descend into blue 20201010 01,Descend_into_Blue_20201010_01,,,20201010,303.98308390022675,12161566,mp3,False,False,Sonica/audio/rehearsal archive/20201010/Descend_into_Blue_20201010_01.mp3
descend into blue 20201010 02,Descend_into_Blue_20201010_02,,,20201010,352.85240362811794,14116570,mp3,False,False,Sonica/audio/rehearsal archive/20201010/Descend_into_Blue_20201010_02.mp3
descend into blue 20201017,Descend_into_Blue_20201017,,,20201017,328.9945804988662,13162578,mp3,False,False,Sonica/audio/rehearsal archive/20201017/Descend_into_Blue_20201017.mp3
descend into blue 20201022 camfield,Descend_into_Blue_20201022_camfield,,,,305.8671201814059,12236799,mp3,False,False,Sonica/audio/rehearsal archive/20201022 (Camfield)/Descend_into_Blue_20201022_camfield.mp3
descend into blue 20201104 rosemount,Descend_into_Blue_20201104_rosemount,,,,339.24426303854875,13572178,mp3,False,False,Sonica/audio/rehearsal archive/20201104 (Rosemount)/Descend_into_Blue_20201104_rosemount.mp3
descend into blue 20201107,Descend_into_Blue_20201107,,,20201107,320.71990929705214,12831346,mp3,False,False,Sonica/audio/rehearsal archive/20201107/Descend_into_Blue_20201107.mp3
descend into blue 20210609,Descend_into_Blue_20210609,,,20210609,330.04147392290247,13204374,mp3,False,False,Sonica/audio/rehearsal archive/20210609/Descend_into_Blue_20210609.mp3
descend into blue sonica,Descend_into_Blue_Sonica,,,,329.4,6590127,mp3,False,False,Sonica/audio/rehearsal archive/20200620 Demo Recording/Mp3/Descend_into_Blue_Sonica.mp3
descent,Descent,,,20230621,332.75378684807254,13313044,mp3,False,False,Sonica/audio/rehearsal archive/20230621/Descent.mp3
descent 20231011,descent_20231011,,,20231011,313.00226757369614,12523101,mp3,False,False,Sonica/audio/rehearsal archive/20231011/descent_20231011.mp3
descent 20231101,descent_20231101,,,20231101,358.0348752834467,14324505,mp3,False,False,Sonica/audio/rehearsal archive/20231101/descent_20231101.mp3
descent 20240417,descent_20240417,,,20240417,357.39385487528347,14298382,mp3,False,False,Sonica/audio/rehearsal archive/20240417/descent_20240417.mp3
descent 20240423,descent_20240423,,,20240423,316.8787074829932,12677746,mp3,False,False,Sonica/audio/rehearsal archive/20240423/descent_20240423.mp3
descent into blue 20200229,Descent_into_blue_20200229,,,20200229,303.6473469387755,12148009,mp3,False,False,Sonica/audio/rehearsal archive/20200229/Descent_into_blue_20200229.mp3
descent into blue 20200307,Descent_into_Blue_20200307_v1,1.0,,20200307,279.19673469387754,11169958,mp3,False,False,Sonica/audio/rehearsal archive/20200307/Descent_into_Blue_20200307_v1.mp3
descent into blue 20200307,Descent_into_Blue_20200307_v2,2.0,,20200307,291.9609523809524,11680913,mp3,False,False,Sonica/audio/rehearsal archive/20200307/Descent_into_Blue_20200307_v2.mp3
descent into blue 20200307,Descent_into_Blue_20200307_v3,3.0,,20200307,310.80394557823126,12434284,mp3,False,False,Sonica/audio/rehearsal archive/20200307/Descent_into_Blue_20200307_v3.mp3
descent into blue 20200314,Descent_into_Blue_20200314_v1,1.0,,20200314,278.7597052154195,11153240,mp3,False,False,Sonica/audio/rehearsal archive/20200314/Descent_into_Blue_20200314_v1.mp3
descent into blue 20200314,Descent_into_Blue_20200314_v2,2.0,,20200314,260.7651247165533,10433305,mp3,False,False,Sonica/audio/rehearsal archive/20200314/Descent_into_Blue_20200314_v2.mp3
descent into blue 20200314,Descent_into_Blue_20200314_v3,3.0,,20200314,313.0163265306122,12523101,mp3,False,False,Sonica/audio/rehearsal archive/20200314/Descent_into_Blue_20200314_v3.mp3
descent into blue 20200502,Descent_into_Blue_20200502,,,20200502,286.6967800453515,11470888,mp3,False,False,Sonica/audio/rehearsal archive/20200502/Descent_into_Blue_20200502.mp3
descent into blue 20200516,Descent_into_Blue_20200516,,,20200516,302.17786848072564,12089468,mp3,False,False,Sonica/audio/rehearsal archive/20200516/Descent_into_Blue_20200516.mp3
descent into blue 20200523,Descent_into_Blue_20200523,,,20200523,329.6516326530612,13188701,mp3,False,False,Sonica/audio/rehearsal archive/20200523/Descent_into_Blue_20200523.mp3
descent into blue 20200606,Descent_into_Blue_20200606,,,20200606,302.3389342403628,12095737,mp3,False,False,Sonica/audio/rehearsal archive/20200606/Descent_into_Blue_20200606.mp3
descent into blue 20200620,Descent_into_Blue_20200620,,,20200620,307.6954875283447,12309942,mp3,False,False,Sonica/audio/rehearsal archive/20200620/Descent_into_Blue_20200620.mp3
descent into blue 20200627,Descent_into_Blue_20200627,,,20200627,270.55925170068025,10825142,mp3,False,False,Sonica/audio/rehearsal archive/20200627/Descent_into_Blue_20200627.mp3
descent into blue 20200704,Descent_into_Blue_20200704,,,20200704,287.6205442176871,11507460,mp3,False,False,Sonica/audio/rehearsal archive/20200704/Descent_into_Blue_20200704.mp3
descent into blue 20200725,Descent_into_Blue_20200725,,,20200725,290.65637188208615,11628668,mp3,False,False,Sonica/audio/rehearsal archive/20200725/Descent_into_Blue_20200725.mp3
descent into blue 20200801,Descent_into_Blue_20200801,,,20200801,278.65433106575966,11149060,mp3,False,False,Sonica/audio/rehearsal archive/20200801/Descent_into_Blue_20200801.mp3
descent into blue 20200808,Descent_into_Blue_20200808,,,20200808,290.3403628117914,11616129,mp3,False,False,Sonica/audio/rehearsal archive/20200808/Descent_into_Blue_20200808.mp3
descent into blue 20200822,Descent_into_Blue_20200822,,,20200822,314.83473922902493,12596244,mp3,False,False,Sonica/audio/rehearsal archive/20200822/Descent_into_Blue_20200822.mp3
descent into blue 20201202,Descent_into_Blue_20201202,,,20201202,287.1966213151928,11490742,mp3,False,False,Sonica/audio/rehearsal archive/20201202/Descent_into_Blue_20201202.mp3
descent into blue 20201219,Descent_into_Blue_20201219,,,20201219,290.6209523809524,11627623,mp3,False,False,Sonica/audio/rehearsal archive/20201219/Descent_into_Blue_20201219.mp3
descent into blue 20210113,Descent_into_Blue_20210113,,,20210113,293.7384353741497,11751966,mp3,False,False,Sonica/audio/rehearsal archive/20210113/Descent_into_Blue_20210113.mp3
descent into blue 20210116,Descent_into_Blue_20210116,,,20210116,311.85430839002265,12477125,mp3,False,False,Sonica/audio/rehearsal archive/20210116/Descent_into_Blue_20210116.mp3
descent into blue 20210120,Descent_into_Blue_20210120,,,20210120,323.91832199546485,12958823,mp3,False,False,Sonica/audio/rehearsal archive/20210120/Descent_into_Blue_20210120.mp3
descent into blue 20210210,Descent_into_Blue_20210210,,,20210210,327.9814285714286,13121827,mp3,False,False,Sonica/audio/rehearsal archive/20210210/Descent_into_Blue_20210210.mp3
descent into blue 20210217,Descent_into_Blue_20210217,,,,348.4520181405896,13941027,mp3,False,False,Sonica/audio/rehearsal archive/20210217 (Beaconsfield)/Descent_into_Blue_20210217.mp3
descent into blue 20210225,Descent_into_Blue_20210225,,,20210225,309.3722675736961,12377860,mp3,False,False,Sonica/audio/rehearsal archive/20210225/Descent_into_Blue_20210225.mp3
descent into blue 20210303,Descent_into_Blue_20210303,,,20210303,306.4986394557823,12262921,mp3,False,False,Sonica/audio/rehearsal archive/20210303/Descent_into_Blue_20210303.mp3
descent into blue 20210308,Descent_into_Blue_20210308,,,20210308,327.828820861678,13115558,mp3,False,False,Sonica/audio/rehearsal archive/20210308/Descent_into_Blue_20210308.mp3
descent into blue 20210313,Descent_into_Blue_20210313,,,,318.36396825396827,12737305,mp3,False,False,Sonica/audio/rehearsal archive/20210313 (Badlands)/Descent_into_Blue_20210313.mp3
descent into blue 20210317,Descent_into_Blue_20210317,,,20210317,321.990589569161,12882546,mp3,False,False,Sonica/audio/rehearsal archive/20210317/Descent_into_Blue_20210317.mp3
descent into blue 20210321,Descent_into_Blue_20210321,,,,316.1238321995465,12647444,mp3,False,False,Sonica/audio/rehearsal archive/20210321 (The Baltimore)/Descent_into_Blue_20210321.mp3
descent into blue 20210331,Descent_into_Blue_20210331,,,20210331,299.4886848072562,11981844,mp3,False,False,Sonica/audio/rehearsal archive/20210331/Descent_into_Blue_20210331.mp3
descent into blue 20210408,Descent_into_Blue_20210408,,,20210408,321.74891156462587,12872097,mp3,False,False,Sonica/audio/rehearsal archive/20210408/Descent_into_Blue_20210408.mp3
descent into blue 20210414,Descent_into_Blue_20210414,,,20210414,323.5746485260771,12945240,mp3,False,False,Sonica/audio/rehearsal archive/20210414/Descent_into_Blue_20210414.mp3
descent into blue 20210623,Descent_into_Blue_20210623,,,20210623,310.0080952380952,12402937,mp3,False,False,Sonica/audio/rehearsal archive/20210623/Descent_into_Blue_20210623.mp3
descent into blue 20210707,Descent_into_Blue_20210707,,,20210707,321.00879818594103,12842840,mp3,False,False,Sonica/audio/rehearsal archive/20210707/Descent_into_Blue_20210707.mp3
descent into blue 20210722,Descent_into_Blue_20210722,,,20210722,297.0251700680272,11883623,mp3,False,False,Sonica/audio/rehearsal archive/20210722/Descent_into_Blue_20210722.mp3
descent into blue 20210805,Descent_into_Blue_20210805,,,20210805,345.0290249433107,13804146,mp3,False,False,Sonica/audio/rehearsal archive/20210805/Descent_into_Blue_20210805.mp3
descent into blue 20210824,Descent_into_Blue_20210824,,,20210824,331.7457142857143,13272293,mp3,False,False,Sonica/audio/rehearsal archive/20210824/Descent_into_Blue_20210824.mp3
descent into blue 20210831,Descent_into_Blue_20210831,,,20210831,305.8416553287982,12236799,mp3,False,False,Sonica/audio/rehearsal archive/20210831/Descent_into_Blue_20210831.mp3
descent into blue 20210902,Descent_into_Blue_20210902,,,,303.7238775510204,12151117,mp3,False,False,Sonica/audio/rehearsal archive/20210902 - Convenients/Descent_into_Blue_20210902.mp3
descent into blue 20210914,Descent_into_Blue_20210914,,,20210914,311.35079365079366,12456227,mp3,False,False,Sonica/audio/rehearsal archive/20210914/Descent_into_Blue_20210914.mp3
descent into blue 20211006,Descent_into_Blue_20211006,,,20211006,339.5906575963719,13585762,mp3,False,False,Sonica/audio/rehearsal archive/20211006/Descent_into_Blue_20211006.mp3
descent into blue 20211026,Descent_into_Blue_20211026,,,20211026,313.43555555555554,12539819,mp3,False,False,Sonica/audio/rehearsal archive/20211026/Descent_into_Blue_20211026.mp3
descent into blue 20211101,Descent_into_Blue_20211101,,,20211101,315.5212471655329,12623411,mp3,False,False,Sonica/audio/rehearsal archive/20211101/Descent_into_Blue_20211101.mp3
descent mastered,Descent Mastered,,,,,94848092,wav,False,False,Sonica/audio/rehearsal archive/20200620 Demo Recording/WAvs/Descent Mastered.wav
devil,devil,,,20230621,326.82428571428574,13075852,mp3,False,False,Sonica/audio/rehearsal archive/20230621/devil.mp3
devil 20201014,Devil_20201014_(MOJOs),,,,301.3874603174603,12058121,mp3,False,False,Sonica/audio/rehearsal archive/20201014 (Mojos)/Devil_20201014_(MOJOs).mp3
devil 20211201,devil_20211201,,,20211201,345.5673015873016,13825044,mp3,False,False,Sonica/audio/rehearsal archive/20211201/devil_20211201.mp3
devil 20220316,Devil_20220316,,,20220316,307.3522448979592,12296358,mp3,False,False,Sonica/audio/rehearsal archive/20220316/Devil_20220316.mp3
devil 20220330,Devil_20220330,,,20220330,407.2443764172336,16292048,mp3,False,False,Sonica/audio/rehearsal archive/20220330/Devil_20220330.mp3
devil 20220420,Devil_20220420_v2,2.0,,20220420,445.87625850340135,17837452,mp3,False,False,Sonica/audio/rehearsal archive/20220420/Devil_20220420_v2.mp3
devil 20220420,Devil_20220420,,,20220420,427.1132426303855,17087215,mp3,False,False,Sonica/audio/rehearsal archive/20220420/Devil_20220420.mp3
devil 20220524,Devil_20220524,,,20220524,305.7741950113379,12233664,mp3,False,False,Sonica/audio/rehearsal archive/20220524/Devil_20220524.mp3
devil 20220928,devil_20220928,,,20220928,283.5012244897959,11342366,mp3,False,False,Sonica/audio/rehearsal archive/20220928/devil_20220928.mp3
devil 20221005,devil_20221005,,,20221005,287.3824716553288,11498056,mp3,False,False,Sonica/audio/rehearsal archive/20221005/devil_20221005.mp3
devil 20230315,Devil_20230315,,,20230315,315.28816326530614,12614007,mp3,False,False,Sonica/audio/rehearsal archive/20230315/Devil_20230315.mp3
devil 20230405,devil_20230405,,,20230405,300.1237641723356,12007966,mp3,False,False,Sonica/audio/rehearsal archive/20230405/devil_20230405.mp3
devil 20230419,devil_20230419,,,20230419,290.06365,11602546,mp3,False,False,Sonica/audio/rehearsal archive/20230419/devil_20230419.mp3
devil 20230510,devil_20230510,,,20230510,289.462825,11578513,mp3,False,False,Sonica/audio/rehearsal archive/20230510/devil_20230510.mp3
devil 20230927,devil_20230927,,,20230927,290.5216553287982,11623444,mp3,False,False,Sonica/audio/rehearsal archive/20230927/devil_20230927.mp3
devil 20231011,devil_20231011,,,20231011,292.17233560090705,11689272,mp3,False,False,Sonica/audio/rehearsal archive/20231011/devil_20231011.mp3
devil 20231101,devil_20231101,,,20231101,284.51319727891155,11383117,mp3,False,False,Sonica/audio/rehearsal archive/20231101/devil_20231101.mp3
devil 20240403,devil_20240403,,,20240403,298.79138321995464,11954676,mp3,False,False,Sonica/audio/rehearsal archive/20240403/devil_20240403.mp3
devil 20240410 no vox,devil_20240410_no_vox,,,20240410,238.7395918367347,9552456,mp3,False,False,Sonica/audio/rehearsal archive/20240410/devil_20240410_no_vox.mp3
devil 20240417,devil_20240417,,,20240417,312.4280498866213,12500113,mp3,False,False,Sonica/audio/rehearsal archive/20240417/devil_20240417.mp3
devil 20240423,devil_20240423,,,20240423,297.460566893424,11901386,mp3,False,False,Sonica/audio/rehearsal archive/20240423/devil_20240423.mp3
devil 20240423 edit,devil_20240423_edit,,,20240423,271.5550566893424,10864848,mp3,False,False,Sonica/audio/rehearsal archive/20240423/devil_20240423_edit.mp3
devil 20240423 edit,devil_20240423_edit,,,20240508,271.5550566893424,10864848,mp3,False,False,Sonica/audio/rehearsal archive/20240508/devil_20240423_edit.mp3
devil 20240515,devil_20240515,,,20240515,,45758596,wav,False,False,Sonica/audio/rehearsal archive/20240515/devil_20240515.wav
devil 20240522,devil_20240522,,,20240522,,25245450,wav,False,False,Sonica/audio/rehearsal archive/20240522/devil_20240522.wav
devil 20240815,devil(1)_20240815,,,20240814,,32417826,wav,False,False,Sonica/audio/rehearsal archive/20240814/devil(1)_20240815.wav
devil 20240815,devil(2)_20240815,,,20240814,,29850700,wav,False,False,Sonica/audio/rehearsal archive/20240814/devil(2)_20240815.wav
devil 20240911,devil_20240911,,,20240911,,26903562,wav,False,False,Sonica/audio/rehearsal archive/20240911/devil_20240911.wav
devil 20240918,devil_20240918,,,20240918,,58078812,wav,False,False,Sonica/audio/rehearsal archive/20240918/devil_20240918.wav
devil 20241002,devil_20241002,,,20241002,,66825652,wav,False,False,Sonica/audio/rehearsal archive/20241002/devil_20241002.wav
devil 20241009,devil_20241009,,,20241009,,54054976,wav,False,False,Sonica/audio/rehearsal archive/20241009/devil_20241009.wav
devil 20241023,devil_20241023,,,20241023,,54005568,wav,False,False,Sonica/audio/rehearsal archive/20241023/devil_20241023.wav
devil 20241030,devil_20241030,,,20241030,,54826792,wav,False,False,Sonica/audio/rehearsal archive/20241030/devil_20241030.wav
devil 20241128,devil_20241128,,,20241128,,54960460,wav,False,False,Sonica/audio/rehearsal archive/20241128/devil_20241128.wav
devil 20241218,Devil_20241218,,,20241218,,52276208,wav,False,False,Sonica/audio/rehearsal archive/20241218/Devil_20241218.wav
devil 20241218 novox,Devil_20241218_noVox,,,20241218,,52276208,wav,False,False,Sonica/audio/rehearsal archive/20241218/no vox/Devil_20241218_noVox.wav
devil 20241218 remix,Devil_20241218_remix,,,20241218,,52170344,wav,False,False,Sonica/audio/rehearsal archive/20241218/Devil_20241218_remix.wav
devil 20250114,devil_20250114,,,20250114,,50396768,wav,False,False,Sonica/audio/rehearsal archive/20250114/devil_20250114.wav
devil 20250114,devil_20250114,,,,,50396768,wav,False,False,Sonica/audio/rehearsal archive/Latest/devil_20250114.wav
devil 20250211,devil_20250211,,,20250211,,48189400,wav,False,False,Sonica/audio/rehearsal archive/20250211/devil_20250211.wav
devil 20250319,devil_20250319,,,20250319,,51508924,wav,False,False,Sonica/audio/rehearsal archive/20250319/devil_20250319.wav
devil in disguise 20200229,devil_in_disguise_v1_20200229,1.0,,20200229,328.0123129251701,13122899,mp3,False,False,Sonica/audio/rehearsal archive/20200229/devil_in_disguise_v1_20200229.mp3
devil in disguise 20200229,devil_in_disguise_v2_20200229,2.0,,20200229,353.80356009070294,14155258,mp3,False,False,Sonica/audio/rehearsal archive/20200229/devil_in_disguise_v2_20200229.mp3
devil in disguise 202003014,devil_in_disguise_202003014_v1,1.0,,20200314,333.32244897959185,13334986,mp3,False,False,Sonica/audio/rehearsal archive/20200314/devil_in_disguise_202003014_v1.mp3
devil in disguise 20200307,devil_in_disguise_v1_20200307,1.0,,20200307,328.8567346938776,13157354,mp3,False,False,Sonica/audio/rehearsal archive/20200307/devil_in_disguise_v1_20200307.mp3
devil in disguise 20200307,devil_in_disguise_v2_20200307,2.0,,20200307,341.7618594104308,13673533,mp3,False,False,Sonica/audio/rehearsal archive/20200307/devil_in_disguise_v2_20200307.mp3
devil in disguise 20200502,Devil_in_Disguise_20200502,,,20200502,296.95560090702946,11880488,mp3,False,False,Sonica/audio/rehearsal archive/20200502/Devil_in_Disguise_20200502.mp3
devil in disguise 20200502a,Devil_in_Disguise_20200502a,,,20200502,297.0122448979592,11882578,mp3,False,False,Sonica/audio/rehearsal archive/20200502/Devil_in_Disguise_20200502a.mp3
devil in disguise 20200516,Devil_in_Disguise_20200516,,,20200516,304.907641723356,12199182,mp3,False,False,Sonica/audio/rehearsal archive/20200516/Devil_in_Disguise_20200516.mp3
devil in disguise 20200523,Devil_in_Disguise_20200523,,,20200523,284.6738321995465,11389386,mp3,False,False,Sonica/audio/rehearsal archive/20200523/Devil_in_Disguise_20200523.mp3
devil in disguise 20200606,Devil_in_Disguise_20200606,,,20200606,288.87126984126985,11557615,mp3,False,False,Sonica/audio/rehearsal archive/20200606/Devil_in_Disguise_20200606.mp3
devil in disguise 20200620,Devil_in_Disguise_20200620,,,20200620,303.75768707483,12153207,mp3,False,False,Sonica/audio/rehearsal archive/20200620/Devil_in_Disguise_20200620.mp3
devil in disguise 20200627,Devil_in_Disguise_20200627,,,20200627,282.6489569160998,11308929,mp3,False,False,Sonica/audio/rehearsal archive/20200627/Devil_in_Disguise_20200627.mp3
devil in disguise 20200704,Devil_in_Disguise_20200704,,,20200704,296.5847845804989,11865860,mp3,False,False,Sonica/audio/rehearsal archive/20200704/Devil_in_Disguise_20200704.mp3
devil in disguise 20200725,Devil_in_Disguise_20200725,,,20200725,300.2704761904762,12013191,mp3,False,False,Sonica/audio/rehearsal archive/20200725/Devil_in_Disguise_20200725.mp3
devil in disguise 20200801,Devil_in_Disguise_20200801,,,20200801,303.5801814058957,12145893,mp3,False,False,Sonica/audio/rehearsal archive/20200801/Devil_in_Disguise_20200801.mp3
devil in disguise 20200808,Devil_in_Disguise_20200808,,,20200808,285.95428571428573,11440586,mp3,False,False,Sonica/audio/rehearsal archive/20200808/Devil_in_Disguise_20200808.mp3
devil in disguise 20200822,Devil_in_Disguise_20200822,,,20200822,289.77052154195013,11593142,mp3,False,False,Sonica/audio/rehearsal archive/20200822/Devil_in_Disguise_20200822.mp3
devil in disguise 20200831,Devil_in_Disguise_20200831,,,,281.1731972789116,11249370,mp3,False,False,Sonica/audio/rehearsal archive/20200831 - HeyMuzo Session/Devil_in_Disguise_20200831.mp3
devil in disguise 20200912,Devil_in_Disguise_20200912,,,20200912,279.6011337868481,11186676,mp3,False,False,Sonica/audio/rehearsal archive/20200912/Devil_in_Disguise_20200912.mp3
devil in disguise 20201010 01,Devil_in_Disguise_20201010_01,,,20201010,274.0341950113379,10964113,mp3,False,False,Sonica/audio/rehearsal archive/20201010/Devil_in_Disguise_20201010_01.mp3
devil in disguise 20201010 02,Devil_in_Disguise_20201010_02,,,20201010,261.125873015873,10447933,mp3,False,False,Sonica/audio/rehearsal archive/20201010/Devil_in_Disguise_20201010_02.mp3
devil in disguise 20201017,Devil_in_Disguise_20201017,,,20201017,307.53231292517006,12303672,mp3,False,False,Sonica/audio/rehearsal archive/20201017/Devil_in_Disguise_20201017.mp3
devil in disguise 20201022 camfield,Devil_in_Disguise_20201022_camfield,,,,291.81303854875284,11674644,mp3,False,False,Sonica/audio/rehearsal archive/20201022 (Camfield)/Devil_in_Disguise_20201022_camfield.mp3
devil in disguise 20201104 rosemount,Devil_in_Disguise_20201104_rosemount,,,,283.8955328798186,11358040,mp3,False,False,Sonica/audio/rehearsal archive/20201104 (Rosemount)/Devil_in_Disguise_20201104_rosemount.mp3
devil in disguise 20201107,Devil_in_Disguise_20201107,,,20201107,286.2556009070295,11453125,mp3,False,False,Sonica/audio/rehearsal archive/20201107/Devil_in_Disguise_20201107.mp3
devil in disguise 20201125,Devil_in_Disguise_20201125,,,20201125,280.44081632653064,11220113,mp3,False,False,Sonica/audio/rehearsal archive/20201125/Devil_in_Disguise_20201125.mp3
devil in disguise 20201219,Devil_in_Disguise_20201219,,,20201219,277.803537414966,11114578,mp3,False,False,Sonica/audio/rehearsal archive/20201219/Devil_in_Disguise_20201219.mp3
devil in disguise 202012202,Devil_in_Disguise_202012202,,,20201202,274.80664399092973,10994415,mp3,False,False,Sonica/audio/rehearsal archive/20201202/Devil_in_Disguise_202012202.mp3
devil in disguise 20210113,Devil_in_Disguise_20210113,,,20210113,282.67061224489794,11308929,mp3,False,False,Sonica/audio/rehearsal archive/20210113/Devil_in_Disguise_20210113.mp3
devil in disguise 20210116,Devil_in_Disguise_20210116,,,20210116,293.04331065759635,11724799,mp3,False,False,Sonica/audio/rehearsal archive/20210116/Devil_in_Disguise_20210116.mp3
devil in disguise 20210120,Devil_in_Disguise_20210120,,,20210120,264.9578004535147,10600488,mp3,False,False,Sonica/audio/rehearsal archive/20210120/Devil_in_Disguise_20210120.mp3
devil in disguise 20210210,Devil_in_Disguise_20210210,,,20210210,296.27961451247165,11853321,mp3,False,False,Sonica/audio/rehearsal archive/20210210/Devil_in_Disguise_20210210.mp3
devil in disguise 20210217,Devil_in_Disguise_20210217,,,,288.22269841269843,11531493,mp3,False,False,Sonica/audio/rehearsal archive/20210217 (Beaconsfield)/Devil_in_Disguise_20210217.mp3
devil in disguise 20210225,Devil_in_Disguise_20210225,,,20210225,302.37825396825394,12097827,mp3,False,False,Sonica/audio/rehearsal archive/20210225/Devil_in_Disguise_20210225.mp3
devil in disguise 20210303,Devil_in_Disguise_20210303,,,20210303,290.0875056689342,11605680,mp3,False,False,Sonica/audio/rehearsal archive/20210303/Devil_in_Disguise_20210303.mp3
devil in disguise 20210308,Devil_in_Disguise_20210308,,,20210308,289.7955782312925,11594186,mp3,False,False,Sonica/audio/rehearsal archive/20210308/Devil_in_Disguise_20210308.mp3
devil in disguise 20210313,Devil_in_Disguise_20210313,,,,278.8661224489796,11157419,mp3,False,False,Sonica/audio/rehearsal archive/20210313 (Badlands)/Devil_in_Disguise_20210313.mp3
devil in disguise 20210317,Devil_in_Disguise_20210317,,,20210317,309.13952380952384,12368456,mp3,False,False,Sonica/audio/rehearsal archive/20210317/Devil_in_Disguise_20210317.mp3
devil in disguise 20210321,Devil_in_Disguise_20210321,,,,304.5660770975057,12185599,mp3,False,False,Sonica/audio/rehearsal archive/20210321 (The Baltimore)/Devil_in_Disguise_20210321.mp3
devil in disguise 20210331,Devil_in_Disguise_20210331,,,20210331,287.4120408163265,11499101,mp3,False,False,Sonica/audio/rehearsal archive/20210331/Devil_in_Disguise_20210331.mp3
devil in disguise 20210408,Devil_in_Disguise_20210408,,,20210408,311.3190929705215,12455182,mp3,False,False,Sonica/audio/rehearsal archive/20210408/Devil_in_Disguise_20210408.mp3
devil in disguise 20210414,Devil_in_Disguise_20210414,,,20210414,302.05195011337867,12084244,mp3,False,False,Sonica/audio/rehearsal archive/20210414/Devil_in_Disguise_20210414.mp3
devil in disguise 20210512,Devil_in_Disguise_20210512,,,20210512,323.2584580498866,12932701,mp3,False,False,Sonica/audio/rehearsal archive/20210512/Devil_in_Disguise_20210512.mp3
devil in disguise 20210526,Devil_in_Disguise_20210526,,,20210526,328.3468253968254,13136456,mp3,False,False,Sonica/audio/rehearsal archive/20210526/Devil_in_Disguise_20210526.mp3
devil in disguise 20210609,Devil_in_Disguise_20210609,,,20210609,323.43802721088434,12940015,mp3,False,False,Sonica/audio/rehearsal archive/20210609/Devil_in_Disguise_20210609.mp3
devil in disguise 20210623,Devil_in_Disguise_20210623,,,20210623,324.5148072562358,12982856,mp3,False,False,Sonica/audio/rehearsal archive/20210623/Devil_in_Disguise_20210623.mp3
devil in disguise 20210707,Devil_in_Disguise_20210707,,,20210707,325.5822902494332,13025697,mp3,False,False,Sonica/audio/rehearsal archive/20210707/Devil_in_Disguise_20210707.mp3
devil in disguise 20210707,Devil_in_Disguise_20210707,,,20211006,325.5822902494332,13025697,mp3,False,False,Sonica/audio/rehearsal archive/20211006/Devil_in_Disguise_20210707.mp3
devil in disguise 20210722,Devil_in_Disguise_20210722,,,20210722,311.5908843537415,12466676,mp3,False,False,Sonica/audio/rehearsal archive/20210722/Devil_in_Disguise_20210722.mp3
devil in disguise 20210724,Devil_in_Disguise_20210724,,,20210724,344.79115646258504,13794742,mp3,False,False,Sonica/audio/rehearsal archive/20210724/Devil_in_Disguise_20210724.mp3
devil in disguise 20210805,Devil_in_Disguise_20210805,,,20210805,420.45591836734695,16820766,mp3,False,False,Sonica/audio/rehearsal archive/20210805/Devil_in_Disguise_20210805.mp3
devil in disguise 20210812,Devil_in_Disguise_20210812,,,20210812,348.76421768707485,13953566,mp3,False,False,Sonica/audio/rehearsal archive/20210812/Devil_in_Disguise_20210812.mp3
devil in disguise 20210819,Devil_in_Disguise_20210819,,,20210819,338.7799546485261,13553370,mp3,False,False,Sonica/audio/rehearsal archive/20210819/Devil_in_Disguise_20210819.mp3
devil in disguise 20210831,Devil_in_Disguise_20210831,,,20210831,319.15566893424034,12768652,mp3,False,False,Sonica/audio/rehearsal archive/20210831/Devil_in_Disguise_20210831.mp3
devil in disguise 20210914,Devil_in_Disguise_20210914,,,20210914,347.755306122449,13912815,mp3,False,False,Sonica/audio/rehearsal archive/20210914/Devil_in_Disguise_20210914.mp3
devil in disguise 20210928,Devil_in_Disguise_20210928,,,20210928,325.0067120181406,13002709,mp3,False,False,Sonica/audio/rehearsal archive/20210928/Devil_in_Disguise_20210928.mp3
devil in disguise 20211013,Devil_in_Disguise_20211013,,,20211013,317.51428571428573,12713123,mp3,False,False,Sonica/audio/rehearsal archive/20211013/Devil_in_Disguise_20211013.mp3
devil in disguise mastered,Devil in Disguise Mastered,,,,299.016,5982457,mp3,False,False,Sonica/audio/rehearsal archive/20200620 Demo Recording/Mp3/Devil in Disguise Mastered.mp3
devil in disguise mastered,Devil in Disguise Mastered,,,,,86096732,wav,False,False,Sonica/audio/rehearsal archive/20200620 Demo Recording/WAvs/Devil in Disguise Mastered.wav
dib 20230315,DiB_20230315,,,20230315,361.9284353741497,14480195,mp3,False,False,Sonica/audio/rehearsal archive/20230315/DiB_20230315.mp3
dib 20230405,DiB_20230405,,,20230405,344.3425170068027,13775933,mp3,False,False,Sonica/audio/rehearsal archive/20230405/DiB_20230405.mp3
dib 20230405,DiB_20230405,,,,344.3425170068027,13775933,mp3,False,False,Sonica/audio/rehearsal archive/Latest/DiB_20230405.mp3
dib edit,DIB_edit,,,,,42865136,wav,False,False,Sonica/audio/rehearsal archive/working/DIB_edit.wav
diyabika 20190720,Diyabika_20190720,,,,235.0305,9405732,mp3,False,False,Sonica/audio/rehearsal archive/parked/Diyabika_20190720.mp3
diyabika instrumental 20200229,Diyabika_instrumental_20200229,,,20200229,392.6726530612245,15709022,mp3,False,False,Sonica/audio/rehearsal archive/20200229/Diyabika_instrumental_20200229.mp3
drums only,drums_only,,,20231206,299.52292517006805,11983933,mp3,False,False,Sonica/audio/rehearsal archive/20231206/drums_only.mp3
dystopian 20230711,dystopian_20230711,,,20230711,376.450575,15058023,mp3,False,False,Sonica/audio/rehearsal archive/20230711/dystopian_20230711.mp3
eassy 20230405,Eassy_20230405,,,20230405,359.7381632653061,14392423,mp3,False,False,Sonica/audio/rehearsal archive/20230405/Eassy_20230405.mp3
easy,easy,,,20230621,296.3337188208617,11856456,mp3,False,False,Sonica/audio/rehearsal archive/20230621/easy.mp3
easy 20220928,easy_20220928,,,20220928,372.6492517006803,14908603,mp3,False,False,Sonica/audio/rehearsal archive/20220928/easy_20220928.mp3
easy 20221005,easy_20221005,,,20221005,374.8975510204082,14998464,mp3,False,False,Sonica/audio/rehearsal archive/20221005/easy_20221005.mp3
easy 20230419,easy_20230419,,,20230419,436.062,17442480,mp3,False,False,Sonica/audio/rehearsal archive/20230419/easy_20230419.mp3
easy 20250319,easy_20250319,,,20250319,,51900924,wav,False,False,Sonica/audio/rehearsal archive/20250319/easy_20250319.wav
easy highs,easy highs,,,20221109,338.102825,13524113,mp3,False,False,Sonica/audio/rehearsal archive/20221109/easy highs.mp3
easy highs,easy highs (bandlab edit),,,,,52277322,wav,False,False,Sonica/audio/rehearsal archive/Latest/easy highs (bandlab edit).wav
easy highs 20200229,Easy_highs_v1_20200229,1.0,,20200229,249.37714285714284,9977756,mp3,False,False,Sonica/audio/rehearsal archive/20200229/Easy_highs_v1_20200229.mp3
easy highs 20200229,Easy_highs_v2_20200229,2.0,,20200229,262.87020408163266,10516924,mp3,False,False,Sonica/audio/rehearsal archive/20200229/Easy_highs_v2_20200229.mp3
easy highs 20200307,Easy_highs_v1_20200307,1.0,,20200307,267.4309297052154,10699754,mp3,False,False,Sonica/audio/rehearsal archive/20200307/Easy_highs_v1_20200307.mp3
easy highs 20200307,Easy_highs_v1_20200307_v2,1.0,,20200307,263.29961451247163,10534660,mp3,False,False,Sonica/audio/rehearsal archive/20200307/Easy_highs_v1_20200307_v2.mp3
easy highs 20200314,Easy_highs_20200314_v1,1.0,,20200314,223.0761224489796,8925517,mp3,False,False,Sonica/audio/rehearsal archive/20200314/Easy_highs_20200314_v1.mp3
easy highs 20200314,Easy_highs_20200314_v2,2.0,,20200314,239.5522222222222,9584848,mp3,False,False,Sonica/audio/rehearsal archive/20200314/Easy_highs_20200314_v2.mp3
easy highs 20200314,Easy_highs_20200314_v3,3.0,,20200314,232.29721088435372,9294366,mp3,False,False,Sonica/audio/rehearsal archive/20200314/Easy_highs_20200314_v3.mp3
easy highs 20200314,Easy_highs_20200314_v4,4.0,,20200314,243.95755102040815,9760391,mp3,False,False,Sonica/audio/rehearsal archive/20200314/Easy_highs_20200314_v4.mp3
easy highs 20200502,Easy_Highs_20200502,,,20200502,226.8702947845805,9077027,mp3,False,False,Sonica/audio/rehearsal archive/20200502/Easy_Highs_20200502.mp3
easy highs 20200516,Easy_Highs_20200516,,,20200516,237.31750566893425,9494986,mp3,False,False,Sonica/audio/rehearsal archive/20200516/Easy_Highs_20200516.mp3
easy highs 20200523,Easy_Highs_20200523,,,20200523,244.0809523809524,9765615,mp3,False,False,Sonica/audio/rehearsal archive/20200523/Easy_Highs_20200523.mp3
easy highs 20200801,Easy_Highs_20200801,,,20200801,236.81410430839003,9475133,mp3,False,False,Sonica/audio/rehearsal archive/20200801/Easy_Highs_20200801.mp3
easy highs 20200808,Easy_Highs_20200808,,,20200808,248.19367346938776,9930709,mp3,False,False,Sonica/audio/rehearsal archive/20200808/Easy_Highs_20200808.mp3
easy highs 20200822,Easy_Highs_20200822,,,20200822,234.83521541950117,9395721,mp3,False,False,Sonica/audio/rehearsal archive/20200822/Easy_Highs_20200822.mp3
easy highs 20200831,Easy_Highs_20200831,,,,246.81074829931973,9875329,mp3,False,False,Sonica/audio/rehearsal archive/20200831 - HeyMuzo Session/Easy_Highs_20200831.mp3
easy highs 20200912,Easy_Highs_20200912,,,20200912,225.6174376417233,9026872,mp3,False,False,Sonica/audio/rehearsal archive/20200912/Easy_Highs_20200912.mp3
easy highs 20200912,Easy_Highs_20200912,,,20200926,231.9391836734694,9279737,mp3,False,False,Sonica/audio/rehearsal archive/20200926/Easy_Highs_20200912.mp3
easy highs 20201003,Easy HIghs 20201003_v2,2.0,,,226.0142857142857,9043591,mp3,False,False,Sonica/audio/rehearsal archive/20200620 Demo Recording/RWMix/Easy HIghs 20201003_v2.mp3
easy highs 20201003,Easy Highs 20201003,,,,238.12113378684808,9527378,mp3,False,False,Sonica/audio/rehearsal archive/20200620 Demo Recording/RWMix/Easy Highs 20201003.mp3
easy highs 20201017,Easy_Highs_20201017,,,20201017,244.28510204081635,9773974,mp3,False,False,Sonica/audio/rehearsal archive/20201017/Easy_Highs_20201017.mp3
easy highs 20201022 camfield,Easy_Highs_20201022_camfield,,,,91.20798185941042,3650872,mp3,False,False,Sonica/audio/rehearsal archive/20201022 (Camfield)/Easy_Highs_20201022_camfield.mp3
easy highs 20201107,Easy_Highs_20201107,,,20201107,234.90215419501132,9398856,mp3,False,False,Sonica/audio/rehearsal archive/20201107/Easy_Highs_20201107.mp3
easy highs 20201125,Easy_Highs_20201125,,,20201125,227.53750566893424,9104195,mp3,False,False,Sonica/audio/rehearsal archive/20201125/Easy_Highs_20201125.mp3
easy highs 2020606,Easy_Highs_2020606,,,20200606,230.96024943310655,9241076,mp3,False,False,Sonica/audio/rehearsal archive/20200606/Easy_Highs_2020606.mp3
easy highs 2020620,Easy_Highs_2020620,,,20200620,236.15780045351477,9449011,mp3,False,False,Sonica/audio/rehearsal archive/20200620/Easy_Highs_2020620.mp3
easy highs 2020627,Easy_Highs_2020627,,,20200627,232.9004988662132,9318399,mp3,False,False,Sonica/audio/rehearsal archive/20200627/Easy_Highs_2020627.mp3
easy highs 2020704,Easy_Highs_2020704,,,20200704,222.63138321995464,8907754,mp3,False,False,Sonica/audio/rehearsal archive/20200704/Easy_Highs_2020704.mp3
easy highs 2020725,Easy_Highs_2020725,,,20200725,238.37873015873012,9537827,mp3,False,False,Sonica/audio/rehearsal archive/20200725/Easy_Highs_2020725.mp3
easy highs 20210324,easy_highs_20210324,,,20210324,302.8107029478458,12114546,mp3,False,False,Sonica/audio/rehearsal archive/20210324/easy_highs_20210324.mp3
easy highs 20210408,easy_highs_20210408,,,20210408,378.7259183673469,15152064,mp3,False,False,Sonica/audio/rehearsal archive/20210408/easy_highs_20210408.mp3
easy highs 20210414,easy_highs_20210414,,,20210414,372.3105442176871,14895019,mp3,False,False,Sonica/audio/rehearsal archive/20210414/easy_highs_20210414.mp3
easy highs 20210422,easy_highs_20210422,,,20210422,285.2651247165533,11413419,mp3,False,False,Sonica/audio/rehearsal archive/20210422/easy_highs_20210422.mp3
easy highs 20210512,easy_highs_20210512,,,20210512,377.29879818594105,15094595,mp3,False,False,Sonica/audio/rehearsal archive/20210512/easy_highs_20210512.mp3
easy highs 20210526,easy_highs_20210526,,,20210526,378.9665306122449,15161468,mp3,False,False,Sonica/audio/rehearsal archive/20210526/easy_highs_20210526.mp3
easy highs 20210609,easy_highs_20210609,,,20210609,400.4564172335601,16020374,mp3,False,False,Sonica/audio/rehearsal archive/20210609/easy_highs_20210609.mp3
easy highs 20210623,easy_highs_20210623,,,20210623,364.012947845805,14562742,mp3,False,False,Sonica/audio/rehearsal archive/20210623/easy_highs_20210623.mp3
easy highs 20210707,easy_highs_20210707,,,20210707,360.0350793650793,14403917,mp3,False,False,Sonica/audio/rehearsal archive/20210707/easy_highs_20210707.mp3
easy highs 20210722,easy_highs_20210722,,,20210722,376.5471428571428,15064293,mp3,False,False,Sonica/audio/rehearsal archive/20210722/easy_highs_20210722.mp3
easy highs 20210724,easy_highs_20210724,,,20210724,375.3181405895692,15015182,mp3,False,False,Sonica/audio/rehearsal archive/20210724/easy_highs_20210724.mp3
easy highs 20210805,easy_highs_20210805,,,20210805,388.810612244898,15555395,mp3,False,False,Sonica/audio/rehearsal archive/20210805/easy_highs_20210805.mp3
easy highs 20210812,easy_highs_20210812,,,20210812,357.78090702947844,14314056,mp3,False,False,Sonica/audio/rehearsal archive/20210812/easy_highs_20210812.mp3
easy highs 20210819,easy_highs_20210819,,,20210819,380.9034013605442,15238791,mp3,False,False,Sonica/audio/rehearsal archive/20210819/easy_highs_20210819.mp3
easy highs 20210824,easy_highs_20210824,,,20210824,371.1663492063492,14849044,mp3,False,False,Sonica/audio/rehearsal archive/20210824/easy_highs_20210824.mp3
easy highs 20210914,easy_highs_20210914,,,20210914,401.88959183673467,16077844,mp3,False,False,Sonica/audio/rehearsal archive/20210914/easy_highs_20210914.mp3
easy highs 20210928,easy_highs_20210928,,,20210928,412.1573015873016,16488488,mp3,False,False,Sonica/audio/rehearsal archive/20210928/easy_highs_20210928.mp3
easy highs 20211006,easy_highs_20211006,,,20211006,368.4835827664399,14742464,mp3,False,False,Sonica/audio/rehearsal archive/20211006/easy_highs_20211006.mp3
easy highs 20211013,easy_highs_20211013,,,20211013,372.51773242630384,14913678,mp3,False,False,Sonica/audio/rehearsal archive/20211013/easy_highs_20211013.mp3
easy highs 20211026,easy_highs_20211026,,,20211026,359.4301360544218,14379884,mp3,False,False,Sonica/audio/rehearsal archive/20211026/easy_highs_20211026.mp3
easy highs 20211101,easy_highs_20211101,,,20211101,384.47537414965984,15381942,mp3,False,False,Sonica/audio/rehearsal archive/20211101/easy_highs_20211101.mp3
easy highs mastered,Easy Highs Mastered,,,,240.72,4816530,mp3,False,False,Sonica/audio/rehearsal archive/20200620 Demo Recording/Mp3/Easy Highs Mastered.mp3
easy highs mastered,Easy Highs Mastered,,,,,69312092,wav,False,False,Sonica/audio/rehearsal archive/20200620 Demo Recording/WAvs/Easy Highs Mastered.wav
empathetic,empathetic,,,20230215,121.33875,4853550,mp3,False,False,Sonica/audio/rehearsal archive/20230215/empathetic.mp3
feed 20221206,feed_20221206,,,20231206,282.00467120181406,11282807,mp3,False,False,Sonica/audio/rehearsal archive/20231206/feed_20221206.mp3
feed 20230628,Feed_20230628,,,20230628,271.438325,10857533,mp3,False,False,Sonica/audio/rehearsal archive/20230628/Feed_20230628.mp3
feed 20230726,Feed_20230726,,,20230726,269.47915,10779166,mp3,False,False,Sonica/audio/rehearsal archive/20230726/Feed_20230726.mp3
feed 20230905,Feed_20230905,,,20230905,252.995875,10119835,mp3,False,False,Sonica/audio/rehearsal archive/20230905/Feed_20230905.mp3
feed 20230927,feed_20230927,,,20230927,259.2010204081633,10370611,mp3,False,False,Sonica/audio/rehearsal archive/20230927/feed_20230927.mp3
feed 20231011,feed_20231011,,,20231011,277.1955328798186,11090546,mp3,False,False,Sonica/audio/rehearsal archive/20231011/feed_20231011.mp3
feed 20231101,feed_20231101,,,20231101,277.84108843537416,11116668,mp3,False,False,Sonica/audio/rehearsal archive/20231101/feed_20231101.mp3
feed 20240403,feed_20240403,,,20240403,262.9287528344671,10520031,mp3,False,False,Sonica/audio/rehearsal archive/20240403/feed_20240403.mp3
feed 20240410 no vox,feed_20240410_no_vox,,,20240410,266.960612244898,10680946,mp3,False,False,Sonica/audio/rehearsal archive/20240410/feed_20240410_no_vox.mp3
feed 20240417,feed_20240417,,,20240417,263.20775510204084,10530480,mp3,False,False,Sonica/audio/rehearsal archive/20240417/feed_20240417.mp3
feed 20240423,feed_20240423,,,20240423,254.51142857142855,10183574,mp3,False,False,Sonica/audio/rehearsal archive/20240423/feed_20240423.mp3
feed 20240423 edit,feed_20240423_edit,,,20240423,222.05496598639456,8884766,mp3,False,False,Sonica/audio/rehearsal archive/20240423/feed_20240423_edit.mp3
feed 20240508,feed_20240508,,,20240508,216.7384126984127,8672652,mp3,False,False,Sonica/audio/rehearsal archive/20240508/feed_20240508.mp3
feed 20240515,feed_20240515,,,20240515,,37475976,wav,False,False,Sonica/audio/rehearsal archive/20240515/feed_20240515.wav
feed 20240522,feed_20240522,,,20240522,,20202940,wav,False,False,Sonica/audio/rehearsal archive/20240522/feed_20240522.wav
feed 20241009,Feed(noguitar)_20241009,,,20241009,,53412640,wav,False,False,Sonica/audio/rehearsal archive/20241009/Feed(noguitar)_20241009.wav
feed 20241009,Feed_20241009,,,20241009,,53412640,wav,False,False,Sonica/audio/rehearsal archive/20241009/Feed_20241009.wav
feed 20241023,Feed_20241023,,,20241023,,48619844,wav,False,False,Sonica/audio/rehearsal archive/20241023/Feed_20241023.wav
feed 20241023 edit,Feed_20241023_edit,,,20241023,,43678416,wav,False,False,Sonica/audio/rehearsal archive/20241023/Feed_20241023_edit.wav
feed 20241030,feed_20241030,,,20241030,,49721324,wav,False,False,Sonica/audio/rehearsal archive/20241030/feed_20241030.wav
feed 20241218,feed_20241218,,,20241218,,47147128,wav,False,False,Sonica/audio/rehearsal archive/20241218/feed_20241218.wav
feed 20241218 novox,feed_20241218_noVox,,,20241218,,47147128,wav,False,False,Sonica/audio/rehearsal archive/20241218/no vox/feed_20241218_noVox.wav
feed 20250114,feed_20250114,,,20250114,,49705644,wav,False,False,Sonica/audio/rehearsal archive/20250114/feed_20250114.wav
feed 20250114,feed_20250114,,,,,49705644,wav,False,False,Sonica/audio/rehearsal archive/Latest/feed_20250114.wav
feed 20250211,feed_20250211,,,20250211,,43148972,wav,False,False,Sonica/audio/rehearsal archive/20250211/feed_20250211.wav
feed 20250319,feed_20250319,,,20250319,,42806524,wav,False,False,Sonica/audio/rehearsal archive/20250319/feed_20250319.wav
feed me 20230830,feed_me_20230830,,,20230830,269.609775,10784391,mp3,False,False,Sonica/audio/rehearsal archive/20230830/feed_me_20230830.mp3
fly ballerina 20190928,Fly_Ballerina_v8_20190928,8.0,,20190928,332.0,13282742,mp3,False,False,Sonica/audio/rehearsal archive/20190928/Fly_Ballerina_v8_20190928.mp3
fly ballerina 20191020,Fly_Ballerina_v9_20191020,9.0,,20191019,242.0,9683068,mp3,False,False,Sonica/audio/rehearsal archive/20191019/Fly_Ballerina_v9_20191020.mp3
fly ballerina 20191102,Fly_ballerina_20191102_v2,2.0,,20191102,268.5,10742595,mp3,False,False,Sonica/audio/rehearsal archive/20191102/Fly_ballerina_20191102_v2.mp3
fly ballerina 20191102,Fly_ballerina_20191102,,,20191102,268.5,10742595,mp3,False,False,Sonica/audio/rehearsal archive/20191102/Fly_ballerina_20191102.mp3
fly ballerina 20191109,Fly_Ballerina_20191109,,,20191109,298.87702947845804,11957928,mp3,False,False,Sonica/audio/rehearsal archive/20191109/Fly_Ballerina_20191109.mp3
freak 20190914,Freak_v01_20190914,1.0,,20190914,196.1204081632653,7847182,mp3,False,False,Sonica/audio/rehearsal archive/20190914/Freak_v01_20190914.mp3
freak 20190928,Freak_v02_20190928,2.0,,20190928,192.5,7702986,mp3,False,False,Sonica/audio/rehearsal archive/20190928/Freak_v02_20190928.mp3
freak 20191019,Freak_v03_20191019,3.0,,20191019,193.5,7742693,mp3,False,False,Sonica/audio/rehearsal archive/20191019/Freak_v03_20191019.mp3
freak 20191102,Freak_20191102_v2,2.0,,20191102,198.5,7942268,mp3,False,False,Sonica/audio/rehearsal archive/20191102/Freak_20191102_v2.mp3
freak 20191102,Freak_20191102,,,20191102,198.5,7942268,mp3,False,False,Sonica/audio/rehearsal archive/20191102/Freak_20191102.mp3
freak 20191116,Freak_20191116,,,20191116,218.45333333333332,8740570,mp3,False,False,Sonica/audio/rehearsal archive/20191116/Freak_20191116.mp3
freak 20191214,Freak 20191214,,,20191214,210.5,8422921,mp3,False,False,Sonica/audio/rehearsal archive/20191214/Freak 20191214.mp3
freedom 20190914,Freedom_v01_20190914,1.0,,20190914,207.0,8282905,mp3,False,False,Sonica/audio/rehearsal archive/20190914/Freedom_v01_20190914.mp3
freedom 20191019,Freedom_v02_20191019,2.0,,20191019,201.0,8042578,mp3,False,False,Sonica/audio/rehearsal archive/20191019/Freedom_v02_20191019.mp3
freedom 20191102,Freedom_20191102_v2,2.0,,20191102,201.0,8042578,mp3,False,False,Sonica/audio/rehearsal archive/20191102/Freedom_20191102_v2.mp3
freedom 20191102,Freedom_20191102,,,20191102,201.0,8042578,mp3,False,False,Sonica/audio/rehearsal archive/20191102/Freedom_20191102.mp3
freedom 20191109,Freedom_20191109,,,20191109,206.31721088435373,8255795,mp3,False,False,Sonica/audio/rehearsal archive/20191109/Freedom_20191109.mp3
freedom 20191116,Freedom_20191116,,,20191116,213.99510204081636,8561893,mp3,False,False,Sonica/audio/rehearsal archive/20191116/Freedom_20191116.mp3
freedom 20191214,freedom 20191214,,,20191214,212.5,8502333,mp3,False,False,Sonica/audio/rehearsal archive/20191214/freedom 20191214.mp3
freedom 20200215,freedom_20200215,,,20200215,190.8294557823129,7636140,mp3,False,False,Sonica/audio/rehearsal archive/20200215/freedom_20200215.mp3
freedom 20200822,Freedom_20200822,,,20200822,211.06780045351476,8444864,mp3,False,False,Sonica/audio/rehearsal archive/20200822/Freedom_20200822.mp3
freedom 20200905,Freedom 20200905,,,,354.88467120181406,14198072,mp3,False,False,Sonica/audio/rehearsal archive/20200905 - writing session/Freedom 20200905.mp3
freedom instrumental,Freedom_instrumental,,,20200229,245.48931972789117,9822067,mp3,False,False,Sonica/audio/rehearsal archive/20200229/Freedom_instrumental.mp3
full set 20240529,full_set_20240529,,,20240529,,184002168,wav,False,False,Sonica/audio/rehearsal archive/20240529/full_set_20240529.wav
glad,Glad (bandlab edit),,,,,45226762,wav,False,False,Sonica/audio/rehearsal archive/Latest/Glad (bandlab edit).wav
glad 20201017,Glad_20201017,,,20201017,348.23163265306124,13931623,mp3,False,False,Sonica/audio/rehearsal archive/20201017/Glad_20201017.mp3
glad 20201107,Glad_20201107,,,20201107,393.51961451247166,15743476,mp3,False,False,Sonica/audio/rehearsal archive/20201107/Glad_20201107.mp3
glad 20201125,Glad_20201125,,,20201125,340.52659863945576,13623378,mp3,False,False,Sonica/audio/rehearsal archive/20201125/Glad_20201125.mp3
glad 20201202 1,Glad_20201202_1,,,20201202,332.8504988662132,13316178,mp3,False,False,Sonica/audio/rehearsal archive/20201202/Glad_20201202_1.mp3
glad 20201202 2,Glad_20201202_2,,,20201202,320.46716553287985,12820897,mp3,False,False,Sonica/audio/rehearsal archive/20201202/Glad_20201202_2.mp3
glad 20201219,Glad_20201219,,,20201219,354.15074829931973,14168815,mp3,False,False,Sonica/audio/rehearsal archive/20201219/Glad_20201219.mp3
glad 20210113,Glad_20210113(edit),,,20210113,373.0360544217687,14924276,mp3,False,False,Sonica/audio/rehearsal archive/20210113/Glad_20210113(edit).mp3
glad 20210116,Glad_20210116,,,20210116,341.10138321995464,13646366,mp3,False,False,Sonica/audio/rehearsal archive/20210116/Glad_20210116.mp3
glad 20210120,Glad_20210120,,,20210120,347.96360544217686,13921174,mp3,False,False,Sonica/audio/rehearsal archive/20210120/Glad_20210120.mp3
glad 20210210,Glad_20210210,,,20210210,360.9904988662132,14442578,mp3,False,False,Sonica/audio/rehearsal archive/20210210/Glad_20210210.mp3
glad 20210217,Glad_20210217,,,,370.15562358276645,14809337,mp3,False,False,Sonica/audio/rehearsal archive/20210217 (Beaconsfield)/Glad_20210217.mp3
glad 20210225,Glad_20210225,,,20210225,370.2012244897959,14810382,mp3,False,False,Sonica/audio/rehearsal archive/20210225/Glad_20210225.mp3
glad 20210303,Glad_20210303,,,20210303,372.0034013605442,14882480,mp3,False,False,Sonica/audio/rehearsal archive/20210303/Glad_20210303.mp3
glad 20210308,Glad_20210308,,,20210308,380.1396371882086,15208488,mp3,False,False,Sonica/audio/rehearsal archive/20210308/Glad_20210308.mp3
glad 20210313,Glad_20210313,,,,367.0004761904762,14682905,mp3,False,False,Sonica/audio/rehearsal archive/20210313 (Badlands)/Glad_20210313.mp3
glad 20210317,Glad_20210317,,,20210317,385.3368027210884,15416423,mp3,False,False,Sonica/audio/rehearsal archive/20210317/Glad_20210317.mp3
glad 20210321,Glad_20210321,,,,362.1419727891157,14488554,mp3,False,False,Sonica/audio/rehearsal archive/20210321 (The Baltimore)/Glad_20210321.mp3
glad 20210331,Glad_20210331,,,20210331,355.2838321995465,14213746,mp3,False,False,Sonica/audio/rehearsal archive/20210331/Glad_20210331.mp3
glad 20210408,Glad_20210408,,,20210408,373.6603401360544,14949354,mp3,False,False,Sonica/audio/rehearsal archive/20210408/Glad_20210408.mp3
glad 20210414,Glad_20210414,,,20210414,356.29716553287983,14254497,mp3,False,False,Sonica/audio/rehearsal archive/20210414/Glad_20210414.mp3
glad 20210422,Glad_20210422,,,20210422,378.4774603174603,15141615,mp3,False,False,Sonica/audio/rehearsal archive/20210422/Glad_20210422.mp3
glad 20210512,Glad_20210512,,,20210512,377.317641723356,15095640,mp3,False,False,Sonica/audio/rehearsal archive/20210512/Glad_20210512.mp3
glad 20210519,Glad_20210519 (partial),,i,,224.29750566893424,8974627,mp3,False,False,Sonica/audio/rehearsal archive/20210519 rosemount/Glad_20210519 (partial).mp3
glad 20210526,Glad_20210526,,,20210526,287.537641723356,11504325,mp3,False,False,Sonica/audio/rehearsal archive/20210526/Glad_20210526.mp3
glad 20210603,Glad_20210603,,,,275.22269841269843,11011133,mp3,False,False,Sonica/audio/rehearsal archive/20210603 - Sonar Room/Glad_20210603.mp3
glad 20210609,Glad_20210609,,,20210609,296.56657596371883,11864815,mp3,False,False,Sonica/audio/rehearsal archive/20210609/Glad_20210609.mp3
glad 20210623,Glad_20210623,,,20210623,297.7385941043084,11911835,mp3,False,False,Sonica/audio/rehearsal archive/20210623/Glad_20210623.mp3
glad 20210707,Glad_20210707,,,20210707,282.7691156462585,11313109,mp3,False,False,Sonica/audio/rehearsal archive/20210707/Glad_20210707.mp3
glad 20210722,Glad_20210722,,,20210722,282.65907029478456,11308929,mp3,False,False,Sonica/audio/rehearsal archive/20210722/Glad_20210722.mp3
glad 20210724,Glad_20210724,,,20210724,273.31480725623584,10934856,mp3,False,False,Sonica/audio/rehearsal archive/20210724/Glad_20210724.mp3
glad 20210731,Glad_20210731,,,,259.101746031746,10366431,mp3,False,False,Sonica/audio/rehearsal archive/20210731 - sonar room/Glad_20210731.mp3
glad 20210805,Glad_20210805,,,20210805,274.1407936507936,10968293,mp3,False,False,Sonica/audio/rehearsal archive/20210805/Glad_20210805.mp3
glad 20210812,Glad_20210812,,,20210812,275.6195918367347,11027852,mp3,False,False,Sonica/audio/rehearsal archive/20210812/Glad_20210812.mp3
glad 20210819,Glad_20210819,,,20210819,285.40197278911563,11418644,mp3,False,False,Sonica/audio/rehearsal archive/20210819/Glad_20210819.mp3
glad 20210914,Glad_20210914,,,20210914,279.3562131519274,11177272,mp3,False,False,Sonica/audio/rehearsal archive/20210914/Glad_20210914.mp3
glad 20211006,Glad_20211006,,,20211006,275.5656916099773,11024717,mp3,False,False,Sonica/audio/rehearsal archive/20211006/Glad_20211006.mp3
glad 20211026,Glad_20211026,,,20211026,264.352970521542,10576456,mp3,False,False,Sonica/audio/rehearsal archive/20211026/Glad_20211026.mp3
glad 20211101,Glad_20211101,,,20211101,278.5601814058957,11144880,mp3,False,False,Sonica/audio/rehearsal archive/20211101/Glad_20211101.mp3
glad 20230405,glad_20230405,,,20230405,278.64544217687074,11148015,mp3,False,False,Sonica/audio/rehearsal archive/20230405/glad_20230405.mp3
glad 20231011,glad_20231011,,,20231011,275.2594557823129,11013223,mp3,False,False,Sonica/audio/rehearsal archive/20231011/glad_20231011.mp3
glad 20231101,glad_20231101,,,20231101,273.64197278911564,10948440,mp3,False,False,Sonica/audio/rehearsal archive/20231101/glad_20231101.mp3
glad 20240423,glad_20240423,,,20240423,276.80956916099774,11074872,mp3,False,False,Sonica/audio/rehearsal archive/20240423/glad_20240423.mp3
going places 20201114,going_places_20201114,,,,331.00857142857143,13243035,mp3,False,False,Sonica/audio/rehearsal archive/20201114 - song writing/going_places_20201114.mp3
going places 20201125,going_places_20201125,,,20201125,334.8509977324263,13396635,mp3,False,False,Sonica/audio/rehearsal archive/20201125/going_places_20201125.mp3
guitar clean,guitar (al) clean,,,,,21867272,wav,False,False,Sonica/audio/rehearsal archive/20240601_Clancys_set/guitar (al) clean.wav
guitar effects,guitar (al) effects,,,,,21867276,wav,False,False,Sonica/audio/rehearsal archive/20240601_Clancys_set/guitar (al) effects.wav
hats,hats,,,,,21867248,wav,False,False,Sonica/audio/rehearsal archive/20240601_Clancys_set/hats.wav
haze 20221206,haze_20221206,,,20231206,319.0154648526077,12763427,mp3,False,False,Sonica/audio/rehearsal archive/20231206/haze_20221206.mp3
haze 20230726,Haze(remixed)_20230726,,,20230726,376.450575,15058023,mp3,False,False,Sonica/audio/rehearsal archive/20230726/Haze(remixed)_20230726.mp3
haze 20230726,Haze_20230726,,,20230726,331.807325,13272293,mp3,False,False,Sonica/audio/rehearsal archive/20230726/Haze_20230726.mp3
haze 20230823,haze_20230823,,,20230823,338.155075,13526203,mp3,False,False,Sonica/audio/rehearsal archive/20230823/haze_20230823.mp3
haze 20230830,haze_20230830,,,20230830,343.457925,13738317,mp3,False,False,Sonica/audio/rehearsal archive/20230830/haze_20230830.mp3
haze 20230905,Haze_20230905,,,20230905,323.13465,12925386,mp3,False,False,Sonica/audio/rehearsal archive/20230905/Haze_20230905.mp3
haze 20230927,haze_20230927,,,20230927,318.8978911564626,12758203,mp3,False,False,Sonica/audio/rehearsal archive/20230927/haze_20230927.mp3
haze 20231011,haze_20231011,,,20231011,311.14916099773245,12448913,mp3,False,False,Sonica/audio/rehearsal archive/20231011/haze_20231011.mp3
haze 20231101,haze_20231101,,,20231101,319.3428117913832,12775966,mp3,False,False,Sonica/audio/rehearsal archive/20231101/haze_20231101.mp3
haze 20240403,haze_20240403,,,20240403,336.8399319727891,13476048,mp3,False,False,Sonica/audio/rehearsal archive/20240403/haze_20240403.mp3
haze 20240410 no vox,haze_20240410_no_vox,,,20240410,333.0172562358277,13323493,mp3,False,False,Sonica/audio/rehearsal archive/20240410/haze_20240410_no_vox.mp3
haze 20240417,haze_20240417,,,20240417,346.524716553288,13863705,mp3,False,False,Sonica/audio/rehearsal archive/20240417/haze_20240417.mp3
haze 20240423,haze_20240423,,,20240423,313.9530158730159,12560717,mp3,False,False,Sonica/audio/rehearsal archive/20240423/haze_20240423.mp3
haze 20240423 edit,haze_20240423_edit,,,20240423,262.6430385487528,10508537,mp3,False,False,Sonica/audio/rehearsal archive/20240423/haze_20240423_edit.mp3
haze 20240508,haze_20240508,,,20240508,247.92655328798185,9919215,mp3,False,False,Sonica/audio/rehearsal archive/20240508/haze_20240508.mp3
haze 20240515,haze_20240515,,,20240515,,43935128,wav,False,False,Sonica/audio/rehearsal archive/20240515/haze_20240515.wav
haze 20240522,haze_20240522,,,20240522,,21822526,wav,False,False,Sonica/audio/rehearsal archive/20240522/haze_20240522.wav
haze 20240815,haze(1)_20240815,,,20240814,,24898526,wav,False,False,Sonica/audio/rehearsal archive/20240814/haze(1)_20240815.wav
haze 20240815,haze(2)_20240815,,,20240814,,26422924,wav,False,False,Sonica/audio/rehearsal archive/20240814/haze(2)_20240815.wav
haze 20240821,haze_20240821,,,20240821,248.75918367346935,9952652,mp3,False,False,Sonica/audio/rehearsal archive/20240821/haze_20240821.mp3
haze 20240911,haze_20240911,,,20240911,,22880966,wav,False,False,Sonica/audio/rehearsal archive/20240911/haze_20240911.wav
haze 20240918,haze_20240918,,,20240918,,43656700,wav,False,False,Sonica/audio/rehearsal archive/20240918/haze_20240918.wav
haze 20241002,haze_20241002,,,20241002,,43000952,wav,False,False,Sonica/audio/rehearsal archive/20241002/haze_20241002.wav
haze 20241009,haze_20241009,,,20241009,,41702404,wav,False,False,Sonica/audio/rehearsal archive/20241009/haze_20241009.wav
haze 20241023,haze_20241023,,,20241023,,40881996,wav,False,False,Sonica/audio/rehearsal archive/20241023/haze_20241023.wav
haze 20241128,Haze_20241128,,,20241128,,46840564,wav,False,False,Sonica/audio/rehearsal archive/20241128/Haze_20241128.wav
haze 20241218,Haze_20241218,,,20241218,,40733304,wav,False,False,Sonica/audio/rehearsal archive/20241218/Haze_20241218.wav
haze 20241218 novox,Haze_20241218_noVox,,,20241218,,40733304,wav,False,False,Sonica/audio/rehearsal archive/20241218/no vox/Haze_20241218_noVox.wav
haze 20241218 remix,Haze_20241218_remix,,,20241218,,40642684,wav,False,False,Sonica/audio/rehearsal archive/20241218/Haze_20241218_remix.wav
haze 20250114,haze_20250114,,,20250114,,40568920,wav,False,False,Sonica/audio/rehearsal archive/20250114/haze_20250114.wav
haze 20250114,haze_20250114,,,,,40568920,wav,False,False,Sonica/audio/rehearsal archive/Latest/haze_20250114.wav
haze 20250211,Haze_20250211,,,20250211,,39409488,wav,False,False,Sonica/audio/rehearsal archive/20250211/Haze_20250211.wav
haze 20250319,haze_20250319,,,20250319,,39128852,wav,False,False,Sonica/audio/rehearsal archive/20250319/haze_20250319.wav
haze demo 2024 2,haze_demo_2024_2,,,20240911,214.230175,8569207,mp3,False,False,Sonica/audio/rehearsal archive/20240911/haze_demo_2024_2.mp3
haze guitars 20241128,Haze_guitars_20241128,,,20241128,,46840564,wav,False,False,Sonica/audio/rehearsal archive/20241128/Haze_guitars_20241128.wav
haze working 20241030,Haze_working_20241030,,,20241030,,40115488,wav,False,False,Sonica/audio/rehearsal archive/20241030/Haze_working_20241030.wav
hollywood 20190831,Hollywood - 20190831,,,20190831,314.33679166666667,7544211,mp3,False,False,Sonica/audio/rehearsal archive/20190831/Hollywood - 20190831.mp3
hollywood 20190928,Hollywood_v9_20190928,9.0,,20190928,290.0,11602546,mp3,False,False,Sonica/audio/rehearsal archive/20190928/Hollywood_v9_20190928.mp3
hollywood 20191102,Hollywood_20191102_v2,2.0,,20191102,292.5,11702856,mp3,False,False,Sonica/audio/rehearsal archive/20191102/Hollywood_20191102_v2.mp3
hollywood 20191102,Hollywood_20191102,,,20191102,292.5,11702856,mp3,False,False,Sonica/audio/rehearsal archive/20191102/Hollywood_20191102.mp3
hollywood 20191109,Hollywood_20191109,,,20191109,286.3374149659864,11456377,mp3,False,False,Sonica/audio/rehearsal archive/20191109/Hollywood_20191109.mp3
hollywood 20191116,Hollywood_20191116,,,20191116,298.70149659863944,11950497,mp3,False,False,Sonica/audio/rehearsal archive/20191116/Hollywood_20191116.mp3
hollywood 20191214,Hollywood 20191214,,,20191214,289.5,11582693,mp3,False,False,Sonica/audio/rehearsal archive/20191214/Hollywood 20191214.mp3
i believe 20190928,I Believe _v9_20190928,9.0,,20190928,255.0,10202382,mp3,False,False,Sonica/audio/rehearsal archive/20190928/I Believe _v9_20190928.mp3
i believe 20190928,I Believe _v9_20190928_v2,9.0,,20190928,259.5248299319728,10383150,mp3,False,False,Sonica/audio/rehearsal archive/20190928/I Believe _v9_20190928_v2.mp3
i believe 20191102,I_Believe_20191102,,,20191102,278.5,11142791,mp3,False,False,Sonica/audio/rehearsal archive/20191102/I_Believe_20191102.mp3
i believe 20191116,I_Believe_20191116,,,20191116,289.78503401360547,11594186,mp3,False,False,Sonica/audio/rehearsal archive/20191116/I_Believe_20191116.mp3
i believe a 20190831,I Believe - A - 20190831,,,20190831,271.9922916666667,6527951,mp3,False,False,Sonica/audio/rehearsal archive/20190831/I Believe - A - 20190831.mp3
i believe b 20190831 long intro 1min,I Believe - B - 20190831 Long Intro 1min,,,20190831,316.58329166666664,7598167,mp3,False,False,Sonica/audio/rehearsal archive/20190831/I Believe - B - 20190831 Long Intro 1min.mp3
in the zone 20230524,In_the_zone_20230524,,,20230524,158.093025,6323721,mp3,False,False,Sonica/audio/rehearsal archive/20230524/In_the_zone_20230524.mp3
in the zone 20230607,in_the_zone_20230607,,,20230607,147.74855,5909942,mp3,False,False,Sonica/audio/rehearsal archive/20230607/in_the_zone_20230607.mp3
in the zone 20230628,in_the_zone_20230628,,,20230628,152.032625,6081305,mp3,False,False,Sonica/audio/rehearsal archive/20230628/in_the_zone_20230628.mp3
insane,insane,,,20230621,304.7781179138322,12193958,mp3,False,False,Sonica/audio/rehearsal archive/20230621/insane.mp3
insane 20200229,insane_v1_20200229,1.0,,20200229,356.0168027210884,14243030,mp3,False,False,Sonica/audio/rehearsal archive/20200229/insane_v1_20200229.mp3
insane 20200229,insane_v2_20200229,2.0,,20200229,352.00820861678005,14083160,mp3,False,False,Sonica/audio/rehearsal archive/20200229/insane_v2_20200229.mp3
insane 20200307,Insane_v1_20200307,1.0,,20200307,282.9533106575964,11320423,mp3,False,False,Sonica/audio/rehearsal archive/20200307/Insane_v1_20200307.mp3
insane 20200307,Insane_v2_20200307,2.0,,20200307,293.4400907029478,11740472,mp3,False,False,Sonica/audio/rehearsal archive/20200307/Insane_v2_20200307.mp3
insane 20200314,Insane_20200314_v1,1.0,,20200314,262.1648979591837,10488684,mp3,False,False,Sonica/audio/rehearsal archive/20200314/Insane_20200314_v1.mp3
insane 20200314,Insane_20200314_v2,2.0,,20200314,268.0031746031746,10722742,mp3,False,False,Sonica/audio/rehearsal archive/20200314/Insane_20200314_v2.mp3
insane 20200314,Insane_20200314_v3,3.0,,20200314,271.3479365079365,10856488,mp3,False,False,Sonica/audio/rehearsal archive/20200314/Insane_20200314_v3.mp3
insane 20200314,Insane_20200314_v4,4.0,,20200314,311.77122448979594,12472946,mp3,False,False,Sonica/audio/rehearsal archive/20200314/Insane_20200314_v4.mp3
insane 20200516,Insane_20200516,,,20200516,286.8769387755102,11478203,mp3,False,False,Sonica/audio/rehearsal archive/20200516/Insane_20200516.mp3
insane 20200523,Insane_20200523,,,20200523,312.3161678004535,12494888,mp3,False,False,Sonica/audio/rehearsal archive/20200523/Insane_20200523.mp3
insane 20200606,Insane_20200606,,,20200606,281.9291609977324,11279672,mp3,False,False,Sonica/audio/rehearsal archive/20200606/Insane_20200606.mp3
insane 20200620,Insane_20200620,,,20200620,258.57349206349204,10345533,mp3,False,False,Sonica/audio/rehearsal archive/20200620/Insane_20200620.mp3
insane 20200627,Insane_20200627,,,20200627,261.1792970521542,10450023,mp3,False,False,Sonica/audio/rehearsal archive/20200627/Insane_20200627.mp3
insane 20200704,Insane_20200704,,,20200704,258.9849206349206,10362252,mp3,False,False,Sonica/audio/rehearsal archive/20200704/Insane_20200704.mp3
insane 20200725,Insane_20200725,,,20200725,261.7397959183673,10471966,mp3,False,False,Sonica/audio/rehearsal archive/20200725/Insane_20200725.mp3
insane 20200801,Insane_20200801,,,20200801,283.4692063492064,11341321,mp3,False,False,Sonica/audio/rehearsal archive/20200801/Insane_20200801.mp3
insane 20200808,Insane_20200808,,,20200808,268.3581179138322,10737370,mp3,False,False,Sonica/audio/rehearsal archive/20200808/Insane_20200808.mp3
insane 20200822,Insane_20200822,,,20200822,299.0155555555556,11963035,mp3,False,False,Sonica/audio/rehearsal archive/20200822/Insane_20200822.mp3
insane 20200912,Insane_20200912,,,20200912,305.4324943310657,12220080,mp3,False,False,Sonica/audio/rehearsal archive/20200912/Insane_20200912.mp3
insane 20201010 01,Insane_20201010_01,,,20201010,286.0392970521542,11443721,mp3,False,False,Sonica/audio/rehearsal archive/20201010/Insane_20201010_01.mp3
insane 20201010 02,Insane_20201010_02,,,20201010,291.9668027210884,11680913,mp3,False,False,Sonica/audio/rehearsal archive/20201010/Insane_20201010_02.mp3
insane 20201017,Insane_20201017,,,20201017,289.5456462585034,11584782,mp3,False,False,Sonica/audio/rehearsal archive/20201017/Insane_20201017.mp3
insane 20201022 camfield,Insane_20201022_camfield,,,,288.48578231292515,11541942,mp3,False,False,Sonica/audio/rehearsal archive/20201022 (Camfield)/Insane_20201022_camfield.mp3
insane 20201107,Insane_20201107,,,20201107,316.95773242630383,12680880,mp3,False,False,Sonica/audio/rehearsal archive/20201107/Insane_20201107.mp3
insane 20201125,Insane_20201125,,,20201125,283.2073015873016,11330872,mp3,False,False,Sonica/audio/rehearsal archive/20201125/Insane_20201125.mp3
insane 20201202,Insane_20201202,,,20201202,286.3113832199546,11455215,mp3,False,False,Sonica/audio/rehearsal archive/20201202/Insane_20201202.mp3
insane 20201219,Insane_20201219,,,20201219,275.4509523809524,11020537,mp3,False,False,Sonica/audio/rehearsal archive/20201219/Insane_20201219.mp3
insane 20210113,Insane_20210113,,,20210113,290.5435600907029,11624488,mp3,False,False,Sonica/audio/rehearsal archive/20210113/Insane_20210113.mp3
insane 20210116,Insane_20210116,,,20210116,282.64861678004536,11308929,mp3,False,False,Sonica/audio/rehearsal archive/20210116/Insane_20210116.mp3
insane 20210120,Insane_20210120,,,20210120,270.3848526077098,10817827,mp3,False,False,Sonica/audio/rehearsal archive/20210120/Insane_20210120.mp3
insane 20210210,Insane_20210210,,,20210210,282.91702947845806,11319378,mp3,False,False,Sonica/audio/rehearsal archive/20210210/Insane_20210210.mp3
insane 20210225,Insane_20210225,,,20210225,304.3229931972789,12175150,mp3,False,False,Sonica/audio/rehearsal archive/20210225/Insane_20210225.mp3
insane 20210303,Insane_20210303,,,20210303,316.7665306122449,12673566,mp3,False,False,Sonica/audio/rehearsal archive/20210303/Insane_20210303.mp3
insane 20210308,Insane_20210308,,,20210308,289.44326530612244,11580603,mp3,False,False,Sonica/audio/rehearsal archive/20210308/Insane_20210308.mp3
insane 20210313,Insane_20210313,,,,272.08655328798187,10885746,mp3,False,False,Sonica/audio/rehearsal archive/20210313 (Badlands)/Insane_20210313.mp3
insane 20210317,Insane_20210317,,,20210317,304.8755328798186,12198137,mp3,False,False,Sonica/audio/rehearsal archive/20210317/Insane_20210317.mp3
insane 20210321,Insane_20210321,,,,289.2239682539683,11571199,mp3,False,False,Sonica/audio/rehearsal archive/20210321 (The Baltimore)/Insane_20210321.mp3
insane 20210324,Insane_20210324,,,20210324,319.1013605442177,12766562,mp3,False,False,Sonica/audio/rehearsal archive/20210324/Insane_20210324.mp3
insane 20210331,Insane_20210331,,,20210331,264.2931292517007,10574366,mp3,False,False,Sonica/audio/rehearsal archive/20210331/Insane_20210331.mp3
insane 20210408,Insane_20210408,,,20210408,308.9134693877552,12359052,mp3,False,False,Sonica/audio/rehearsal archive/20210408/Insane_20210408.mp3
insane 20210414,Insane_20210414,,,20210414,296.32335600907027,11855411,mp3,False,False,Sonica/audio/rehearsal archive/20210414/Insane_20210414.mp3
insane 20210422,Insane_20210422,,,20210422,287.1305215419501,11487607,mp3,False,False,Sonica/audio/rehearsal archive/20210422/Insane_20210422.mp3
insane 20210512,Insane_20210512,,,20210512,294.5654421768708,11785403,mp3,False,False,Sonica/audio/rehearsal archive/20210512/Insane_20210512.mp3
insane 20210526,Insane_20210526,,,20210526,303.51385487528347,12142758,mp3,False,False,Sonica/audio/rehearsal archive/20210526/Insane_20210526.mp3
insane 20210603,Insane_20210603,,,,287.7560090702948,11512684,mp3,False,False,Sonica/audio/rehearsal archive/20210603 - Sonar Room/Insane_20210603.mp3
insane 20210609,Insane_20210609,,,20210609,329.8671428571429,13197060,mp3,False,False,Sonica/audio/rehearsal archive/20210609/Insane_20210609.mp3
insane 20210707,Insane_20210707,,,20210707,315.60378684807256,12626546,mp3,False,False,Sonica/audio/rehearsal archive/20210707/Insane_20210707.mp3
insane 20210722,Insane_20210722,,,20210722,306.04154195011336,12244113,mp3,False,False,Sonica/audio/rehearsal archive/20210722/Insane_20210722.mp3
insane 20210805,Insane_20210805,,,20210805,300.4003628117914,12018415,mp3,False,False,Sonica/audio/rehearsal archive/20210805/Insane_20210805.mp3
insane 20210824,Insane_20210824,,,20210824,277.5261678004535,11104129,mp3,False,False,Sonica/audio/rehearsal archive/20210824/Insane_20210824.mp3
insane 20210914,Insane_20210914,,,20210914,309.33145124716555,12375770,mp3,False,False,Sonica/audio/rehearsal archive/20210914/Insane_20210914.mp3
insane 20210928,Insane_20210928,,,20210928,303.6231292517007,12147982,mp3,False,False,Sonica/audio/rehearsal archive/20210928/Insane_20210928.mp3
insane 20211006,Insane_20211006,,,20211006,298.02197278911564,11923329,mp3,False,False,Sonica/audio/rehearsal archive/20211006/Insane_20211006.mp3
insane 20211013,Insane_20211013,,,20211013,282.215873015873,11301466,mp3,False,False,Sonica/audio/rehearsal archive/20211013/Insane_20211013.mp3
insane 20211101,Insane_20211101,,,20211101,319.6808390022676,12789550,mp3,False,False,Sonica/audio/rehearsal archive/20211101/Insane_20211101.mp3
insane 20220928,insane_20220928,,,20220928,313.23310657596375,12531460,mp3,False,False,Sonica/audio/rehearsal archive/20220928/insane_20220928.mp3
insane 20221005,insane_20221005,,,20221005,319.2112698412698,12770742,mp3,False,False,Sonica/audio/rehearsal archive/20221005/insane_20221005.mp3
insane 20230315,insane_20230315,,,20230315,316.767029478458,12673566,mp3,False,False,Sonica/audio/rehearsal archive/20230315/insane_20230315.mp3
insane 20230405,insane_20230405,,,20230405,316.4201360544218,12658937,mp3,False,False,Sonica/audio/rehearsal archive/20230405/insane_20230405.mp3
insane 20230419,insane_20230419,,,20230419,328.0718,13122872,mp3,False,False,Sonica/audio/rehearsal archive/20230419/insane_20230419.mp3
insane 20230510,insane_20230510,,,20230510,312.05875,12482350,mp3,False,False,Sonica/audio/rehearsal archive/20230510/insane_20230510.mp3
insane 20230510,insane_20230510,,,,312.05875,12482350,mp3,False,False,Sonica/audio/rehearsal archive/Latest/insane_20230510.mp3
insane 20230927,insane_20230927,,,20230927,291.5324036281179,11664195,mp3,False,False,Sonica/audio/rehearsal archive/20230927/insane_20230927.mp3
insane 20231011,insane_20231011,,,20231011,334.4683446712018,13380962,mp3,False,False,Sonica/audio/rehearsal archive/20231011/insane_20231011.mp3
insane 20231101,insane_20231101,,,20231101,320.29770975056687,12814627,mp3,False,False,Sonica/audio/rehearsal archive/20231101/insane_20231101.mp3
insane 20240403,insane_20240403,,,20240403,319.6582993197279,12788505,mp3,False,False,Sonica/audio/rehearsal archive/20240403/insane_20240403.mp3
insane 20240417,insane_20240417,,,20240417,292.7265306122449,11711215,mp3,False,False,Sonica/audio/rehearsal archive/20240417/insane_20240417.mp3
insane 20240423,insane_20240423,,,20240423,320.64020408163265,12828211,mp3,False,False,Sonica/audio/rehearsal archive/20240423/insane_20240423.mp3
jan guitar clean,Jan_Guitar_Clean,,,20250319,,20490748,wav,False,False,Sonica/audio/rehearsal archive/20250319/guitars/Guitars_only - raw/Jan_Guitar_Clean.wav
jan guitar dirty,Jan_Guitar_Dirty,,,20250319,,20490748,wav,False,False,Sonica/audio/rehearsal archive/20250319/guitars/Guitars_only - raw/Jan_Guitar_Dirty.wav
kick,kick,,,,,21867248,wav,False,False,Sonica/audio/rehearsal archive/20240601_Clancys_set/kick.wav
life 202003014,Life_202003014_v1,1.0,,20200314,293.45428571428573,11740472,mp3,False,False,Sonica/audio/rehearsal archive/20200314/Life_202003014_v1.mp3
life 202003014,Life_202003014_v2,2.0,,20200314,286.7322448979592,11471933,mp3,False,False,Sonica/audio/rehearsal archive/20200314/Life_202003014_v2.mp3
life 20200307,Life_20200307_v1,1.0,,20200307,321.853537414966,12876276,mp3,False,False,Sonica/audio/rehearsal archive/20200307/Life_20200307_v1.mp3
life 202005016,Life_202005016,,,20200516,284.0999546485261,11366399,mp3,False,False,Sonica/audio/rehearsal archive/20200516/Life_202005016.mp3
life 202005016,Life_202005016,,,20200523,284.0999546485261,11366399,mp3,False,False,Sonica/audio/rehearsal archive/20200523/Life_202005016.mp3
life 20200502,Life_20200502,,,20200502,290.48503401360546,11622399,mp3,False,False,Sonica/audio/rehearsal archive/20200502/Life_20200502.mp3
life 20200613,Life_20200613,,,20200613,218.5607709750567,8744750,mp3,False,False,Sonica/audio/rehearsal archive/20200613/Life_20200613.mp3
life 20200620,Life_20200620,,,20200620,194.9524036281179,7801207,mp3,False,False,Sonica/audio/rehearsal archive/20200620/Life_20200620.mp3
life 20200627,Life_20200627,,,20200627,199.95655328798185,8000782,mp3,False,False,Sonica/audio/rehearsal archive/20200627/Life_20200627.mp3
life 20200704,Life_20200704,,,20200704,201.31907029478455,8055117,mp3,False,False,Sonica/audio/rehearsal archive/20200704/Life_20200704.mp3
life 20200725,Life_20200725,,,20200725,212.98263038548757,8522186,mp3,False,False,Sonica/audio/rehearsal archive/20200725/Life_20200725.mp3
life 20200801,Life_20200801,,,20200801,201.8492063492064,8077060,mp3,False,False,Sonica/audio/rehearsal archive/20200801/Life_20200801.mp3
life 20200808,Life_20200808,,,20200808,209.8145578231293,8394709,mp3,False,False,Sonica/audio/rehearsal archive/20200808/Life_20200808.mp3
life 20200822,Life_20200822,,,20200822,226.09984126984128,9046725,mp3,False,False,Sonica/audio/rehearsal archive/20200822/Life_20200822.mp3
life 20200912,Life_20200912,,,20200912,208.97861678004531,8361272,mp3,False,False,Sonica/audio/rehearsal archive/20200912/Life_20200912.mp3
life 20201010 01,Life_20201010_01,,,20201010,211.0953968253968,8445909,mp3,False,False,Sonica/audio/rehearsal archive/20201010/Life_20201010_01.mp3
life 20201010 02,Life_20201010_02,,,20201010,209.7409523809524,8392619,mp3,False,False,Sonica/audio/rehearsal archive/20201010/Life_20201010_02.mp3
life 20201014,Life_20201014_(MOJOs),,,,227.1306349206349,9087476,mp3,False,False,Sonica/audio/rehearsal archive/20201014 (Mojos)/Life_20201014_(MOJOs).mp3
life 20201017,Life_20201017,,,20201017,230.15891156462584,9208684,mp3,False,False,Sonica/audio/rehearsal archive/20201017/Life_20201017.mp3
life 20201022 camfield,Life_20201022_camfield,,,,227.16206349206348,9089566,mp3,False,False,Sonica/audio/rehearsal archive/20201022 (Camfield)/Life_20201022_camfield.mp3
life 20201104 rosemount,Life_20201104_rosemount,,,,224.20662131519276,8970448,mp3,False,False,Sonica/audio/rehearsal archive/20201104 (Rosemount)/Life_20201104_rosemount.mp3
life 20201107,Life_20201107,,,20201107,223.65648526077095,8948505,mp3,False,False,Sonica/audio/rehearsal archive/20201107/Life_20201107.mp3
life 20201125,Life_20201125,,,20201125,209.89244897959185,8397844,mp3,False,False,Sonica/audio/rehearsal archive/20201125/Life_20201125.mp3
life 20201202,Life_20201202,,,20201202,208.93056689342404,8360227,mp3,False,False,Sonica/audio/rehearsal archive/20201202/Life_20201202.mp3
life 20201219,Life_20201219,,,20201219,210.5044897959184,8422921,mp3,False,False,Sonica/audio/rehearsal archive/20201219/Life_20201219.mp3
life 20210113,Life_20210113,,,20210113,210.45580498866207,8420831,mp3,False,False,Sonica/audio/rehearsal archive/20210113/Life_20210113.mp3
life 20210116,Life_20210116,,,20210116,199.73027210884356,7991378,mp3,False,False,Sonica/audio/rehearsal archive/20210116/Life_20210116.mp3
life 20210120,Life_20210120,,,20210120,199.1679818594104,7969435,mp3,False,False,Sonica/audio/rehearsal archive/20210120/Life_20210120.mp3
life 20210210,Life_20210210,,,20210210,203.12773242630385,8127215,mp3,False,False,Sonica/audio/rehearsal archive/20210210/Life_20210210.mp3
life 20210217,Life_20210217,,,,222.0055782312925,8882676,mp3,False,False,Sonica/audio/rehearsal archive/20210217 (Beaconsfield)/Life_20210217.mp3
life 20210225,Life_20210225,,,20210225,216.198231292517,8650709,mp3,False,False,Sonica/audio/rehearsal archive/20210225/Life_20210225.mp3
life 20210308,Life_20210308,,,20210308,219.8998412698413,8799084,mp3,False,False,Sonica/audio/rehearsal archive/20210308/Life_20210308.mp3
life 20210317,Life_20210317,,,20210317,231.6557596371882,9269288,mp3,False,False,Sonica/audio/rehearsal archive/20210317/Life_20210317.mp3
life 20210331,Life_20210331,,,20210331,206.57380952380956,8265142,mp3,False,False,Sonica/audio/rehearsal archive/20210331/Life_20210331.mp3
life 20210408,Life_20210408,,,20210408,218.28004535147392,8734301,mp3,False,False,Sonica/audio/rehearsal archive/20210408/Life_20210408.mp3
life 20210414,Life_20210414,,,20210414,216.29469387755103,8654888,mp3,False,False,Sonica/audio/rehearsal archive/20210414/Life_20210414.mp3
life 20210526,Life_20210526,,,20210526,217.4671882086168,8700864,mp3,False,False,Sonica/audio/rehearsal archive/20210526/Life_20210526.mp3
life 20210609,Life_20210609,,,20210609,237.9855328798186,9522154,mp3,False,False,Sonica/audio/rehearsal archive/20210609/Life_20210609.mp3
life 20210623,Life_20210623,,,20210623,229.0443764172336,9164799,mp3,False,False,Sonica/audio/rehearsal archive/20210623/Life_20210623.mp3
life 20210707,Life_20210707,,,20210707,228.39301587301588,9138676,mp3,False,False,Sonica/audio/rehearsal archive/20210707/Life_20210707.mp3
life 20210722,Life_20210722,,,20210722,237.2559410430839,9492897,mp3,False,False,Sonica/audio/rehearsal archive/20210722/Life_20210722.mp3
life 20210805,Life_20210805,,,20210805,234.2756689342404,9373778,mp3,False,False,Sonica/audio/rehearsal archive/20210805/Life_20210805.mp3
life 20210819,Life_20210819,,,20210819,222.9739909297052,8921337,mp3,False,False,Sonica/audio/rehearsal archive/20210819/Life_20210819.mp3
life 20210824,Life_20210824,,,20210824,210.7762358276644,8433370,mp3,False,False,Sonica/audio/rehearsal archive/20210824/Life_20210824.mp3
life 20210831,Life_20210831,,,20210831,222.2995464852608,8894170,mp3,False,False,Sonica/audio/rehearsal archive/20210831/Life_20210831.mp3
life 20210902,Life_20210902,,,,221.85761904761904,8876407,mp3,False,False,Sonica/audio/rehearsal archive/20210902 - Convenients/Life_20210902.mp3
life 20210914,Life_20210914,,,20210914,233.7369387755102,9351835,mp3,False,False,Sonica/audio/rehearsal archive/20210914/Life_20210914.mp3
life 20211004,Life_20211004,,,,217.6124036281179,8707133,mp3,False,False,Sonica/audio/rehearsal archive/20211004 - Mojos/Life_20211004.mp3
life 20211013,Life_20211013,,,20211013,225.902925170068,9048666,mp3,False,False,Sonica/audio/rehearsal archive/20211013/Life_20211013.mp3
life 20211026,Life_20211026,,,20211026,233.71850340136052,9351835,mp3,False,False,Sonica/audio/rehearsal archive/20211026/Life_20211026.mp3
life 20211101,Life_20211101,,,20211101,247.370612244898,9897272,mp3,False,False,Sonica/audio/rehearsal archive/20211101/Life_20211101.mp3
life 20230315,life_20230315,,,20230315,237.05993197278912,9484537,mp3,False,False,Sonica/audio/rehearsal archive/20230315/life_20230315.mp3
life 20230405,life_20230405,,,20230405,238.641179138322,9548276,mp3,False,False,Sonica/audio/rehearsal archive/20230405/life_20230405.mp3
life 20230405,life_20230405,,,,238.641179138322,9548276,mp3,False,False,Sonica/audio/rehearsal archive/Latest/life_20230405.mp3
loved 20230405,loved_20230405,,,20230405,342.5911111111111,13705925,mp3,False,False,Sonica/audio/rehearsal archive/20230405/loved_20230405.mp3
loved 20230405,loved_20230405,,,,342.5911111111111,13705925,mp3,False,False,Sonica/audio/rehearsal archive/Latest/ZZZ-hold/loved_20230405.mp3
loved and lost 20200229,Loved_and_Lost_20200229,,,20200229,329.0830158730159,13165740,mp3,False,False,Sonica/audio/rehearsal archive/20200229/Loved_and_Lost_20200229.mp3
loved and lost 202003014,Loved_and_Lost_202003014_v3,3.0,,20200314,326.44759637188207,13060178,mp3,False,False,Sonica/audio/rehearsal archive/20200314/Loved_and_Lost_202003014_v3.mp3
loved and lost 202003014v1,Loved_and_Lost_202003014v1,,,20200314,310.8845351473923,12438464,mp3,False,False,Sonica/audio/rehearsal archive/20200314/Loved_and_Lost_202003014v1.mp3
loved and lost 202003014v2,Loved_and_Lost_202003014v2,,,20200314,315.19204081632654,12609827,mp3,False,False,Sonica/audio/rehearsal archive/20200314/Loved_and_Lost_202003014v2.mp3
loved and lost 20200307,Loved_and_Lost_20200307_v1,1.0,,20200307,208.3241723356009,8335150,mp3,False,False,Sonica/audio/rehearsal archive/20200307/Loved_and_Lost_20200307_v1.mp3
loved and lost 20200307,Loved_and_Lost_20200307_v2,2.0,,20200307,294.5667800453515,11785403,mp3,False,False,Sonica/audio/rehearsal archive/20200307/Loved_and_Lost_20200307_v2.mp3
loved and lost 20200307,Loved_and_Lost_20200307_v3,3.0,,20200307,299.78333333333336,11994382,mp3,False,False,Sonica/audio/rehearsal archive/20200307/Loved_and_Lost_20200307_v3.mp3
loved and lost 20200502,Loved_and_Lost_20200502,,,20200502,329.6691383219955,13189746,mp3,False,False,Sonica/audio/rehearsal archive/20200502/Loved_and_Lost_20200502.mp3
loved and lost 20200516,Loved_and_Lost_20200516,,,20200516,341.25673469387755,13652635,mp3,False,False,Sonica/audio/rehearsal archive/20200516/Loved_and_Lost_20200516.mp3
loved and lost 20200523,Loved_and_Lost_20200523,,,20200523,325.8428798185941,13036146,mp3,False,False,Sonica/audio/rehearsal archive/20200523/Loved_and_Lost_20200523.mp3
loved and lost 20200606,Loved_and_Lost_20200606,,,20200606,324.68634920634923,12990170,mp3,False,False,Sonica/audio/rehearsal archive/20200606/Loved_and_Lost_20200606.mp3
loved and lost 20200620,Loved_and_Lost_20200620,,,20200620,351.9966439909297,14082088,mp3,False,False,Sonica/audio/rehearsal archive/20200620/Loved_and_Lost_20200620.mp3
loved and lost 20200627,Loved_and_Lost_20200627,,,20200627,313.42764172335603,12539819,mp3,False,False,Sonica/audio/rehearsal archive/20200627/Loved_and_Lost_20200627.mp3
loved and lost 20200704,Loved_and_Lost_20200704,,,20200704,325.5426530612245,13024652,mp3,False,False,Sonica/audio/rehearsal archive/20200704/Loved_and_Lost_20200704.mp3
loved and lost 20200725,Loved_and_Lost_20200725,,,20200725,328.9807256235828,13161533,mp3,False,False,Sonica/audio/rehearsal archive/20200725/Loved_and_Lost_20200725.mp3
loved and lost 20200801,Loved_and_Lost_20200801,,,20200801,296.93485260770973,11880488,mp3,False,False,Sonica/audio/rehearsal archive/20200801/Loved_and_Lost_20200801.mp3
loved and lost 20200808,Loved_and_Lost_20200808,,,20200808,336.87902494331064,13478137,mp3,False,False,Sonica/audio/rehearsal archive/20200808/Loved_and_Lost_20200808.mp3
loved and lost 20200822,Loved_and_Lost_20200822,,,20200822,318.49786848072563,12742529,mp3,False,False,Sonica/audio/rehearsal archive/20200822/Loved_and_Lost_20200822.mp3
loved and lost 20200912,Loved_and_Lost_20200912,,,20200912,317.1767346938776,12689240,mp3,False,False,Sonica/audio/rehearsal archive/20200912/Loved_and_Lost_20200912.mp3
loved and lost 20201017mp3,Loved_and_Lost_20201017mp3,,,20201017,340.1609523809524,13608750,mp3,False,False,Sonica/audio/rehearsal archive/20201017/Loved_and_Lost_20201017mp3.mp3
loved and lost 20201107,Loved_and_Lost_20201107,,,20201107,353.50102040816324,14142693,mp3,False,False,Sonica/audio/rehearsal archive/20201107/Loved_and_Lost_20201107.mp3
loved and lost 20201125,Loved_and_Lost_20201125,,,20201125,325.6100453514739,13026742,mp3,False,False,Sonica/audio/rehearsal archive/20201125/Loved_and_Lost_20201125.mp3
loved and lost 20201202,Loved_and_Lost_20201202,,,20201202,316.37079365079364,12657893,mp3,False,False,Sonica/audio/rehearsal archive/20201202/Loved_and_Lost_20201202.mp3
loved and lost 20201219,Loved_and_Lost_20201219,,,20201219,320.3889342403628,12817762,mp3,False,False,Sonica/audio/rehearsal archive/20201219/Loved_and_Lost_20201219.mp3
loved and lost 20210113,Loved_and_Lost_20210113,,,20210113,315.6702040816327,12629680,mp3,False,False,Sonica/audio/rehearsal archive/20210113/Loved_and_Lost_20210113.mp3
loved and lost 20210116,Loved_and_Lost_20210116,,,20210116,342.5550566893424,13704880,mp3,False,False,Sonica/audio/rehearsal archive/20210116/Loved_and_Lost_20210116.mp3
loved and lost 20210120,Loved_and_Lost_20210120,,,20210120,342.0968934240363,13686072,mp3,False,False,Sonica/audio/rehearsal archive/20210120/Loved_and_Lost_20210120.mp3
loved and lost 20210210,Loved_and_Lost_20210210,,,20210210,324.44580498866213,12980766,mp3,False,False,Sonica/audio/rehearsal archive/20210210/Loved_and_Lost_20210210.mp3
loved and lost 20210217,Loved_and_Lost_20210217,,,,354.26421768707485,14172995,mp3,False,False,Sonica/audio/rehearsal archive/20210217 (Beaconsfield)/Loved_and_Lost_20210217.mp3
loved and lost 20210225,Loved_and_Lost_20210225,,,20210225,332.6781632653061,13309909,mp3,False,False,Sonica/audio/rehearsal archive/20210225/Loved_and_Lost_20210225.mp3
loved and lost 20210308,Loved_and_Lost_20210308,,,20210308,326.97031746031746,13081076,mp3,False,False,Sonica/audio/rehearsal archive/20210308/Loved_and_Lost_20210308.mp3
loved and lost 20210317,Loved_and_Lost_20210317,,,20210317,341.0467346938776,13644276,mp3,False,False,Sonica/audio/rehearsal archive/20210317/Loved_and_Lost_20210317.mp3
loved and lost 20210331,Loved_and_Lost_20210331,,,20210331,323.2952380952381,12934791,mp3,False,False,Sonica/audio/rehearsal archive/20210331/Loved_and_Lost_20210331.mp3
loved and lost 20210408,Loved_and_Lost_20210408,,,20210408,314.98555555555555,12602513,mp3,False,False,Sonica/audio/rehearsal archive/20210408/Loved_and_Lost_20210408.mp3
loved and lost 20210414,Loved_and_Lost_20210414,,,20210414,316.03503401360547,12644309,mp3,False,False,Sonica/audio/rehearsal archive/20210414/Loved_and_Lost_20210414.mp3
loved and lost 20210609,Loved_and_Lost_20210609,,,20210609,360.0402947845805,14403917,mp3,False,False,Sonica/audio/rehearsal archive/20210609/Loved_and_Lost_20210609.mp3
loved and lost 20210623,Loved_and_Lost_20210623,,,20210623,341.5202721088435,13663084,mp3,False,False,Sonica/audio/rehearsal archive/20210623/Loved_and_Lost_20210623.mp3
loved and lost 20210707,Loved_and_Lost_20210707,,,20210707,337.4485941043084,13500080,mp3,False,False,Sonica/audio/rehearsal archive/20210707/Loved_and_Lost_20210707.mp3
loved and lost 20210722,Loved_and_Lost_20210722,,,20210722,346.1254421768708,13848031,mp3,False,False,Sonica/audio/rehearsal archive/20210722/Loved_and_Lost_20210722.mp3
loved and lost 20210724,Loved_and_Lost_20210724,,,20210724,324.8163038548753,12995395,mp3,False,False,Sonica/audio/rehearsal archive/20210724/Loved_and_Lost_20210724.mp3
loved and lost 20210731,Loved_and_Lost_20210731,,,,326.4241950113379,13059133,mp3,False,False,Sonica/audio/rehearsal archive/20210731 - sonar room/Loved_and_Lost_20210731.mp3
loved and lost 20210805,Loved_and_Lost_20210805,,,20210805,333.8757823129252,13357974,mp3,False,False,Sonica/audio/rehearsal archive/20210805/Loved_and_Lost_20210805.mp3
loved and lost 20210812,Loved_and_Lost_20210812,,,20210812,342.97079365079367,13721599,mp3,False,False,Sonica/audio/rehearsal archive/20210812/Loved_and_Lost_20210812.mp3
loved and lost 20210819,Loved_and_Lost_20210819,,,20210819,337.8837188208617,13517844,mp3,False,False,Sonica/audio/rehearsal archive/20210819/Loved_and_Lost_20210819.mp3
loved and lost 20210914,Loved_and_Lost_20210914,,,20210914,344.50972789115644,13783248,mp3,False,False,Sonica/audio/rehearsal archive/20210914/Loved_and_Lost_20210914.mp3
loved and lost 20211013,Loved_and_Lost_20211013,,,20211013,320.5689342403628,12835376,mp3,False,False,Sonica/audio/rehearsal archive/20211013/Loved_and_Lost_20211013.mp3
loved and lost 20211101,Loved_and_Lost_20211101,,,20211101,349.3124036281179,13975509,mp3,False,False,Sonica/audio/rehearsal archive/20211101/Loved_and_Lost_20211101.mp3
ls alan,LS - Alan,,,,483.767,11610522,mp3,False,False,Sonica/audio/rehearsal archive/working/LS - Alan.mp3
march guitar clean,March_Guitar_CLEAN,,,20250319,,21843006,wav,False,False,Sonica/audio/rehearsal archive/20250319/guitars/Guitars_only - raw/March_Guitar_CLEAN.wav
march guitar dirty,March_Guitar_DIRTY,,,20250319,,21843006,wav,False,False,Sonica/audio/rehearsal archive/20250319/guitars/Guitars_only - raw/March_Guitar_DIRTY.wav
maybe 20190928,Maybe_v02_20190928,2.0,,20190928,277.0,11082186,mp3,False,False,Sonica/audio/rehearsal archive/20190928/Maybe_v02_20190928.mp3
maybe 20191019,Maybe_v03_20191019,3.0,,20191019,275.0,11002774,mp3,False,False,Sonica/audio/rehearsal archive/20191019/Maybe_v03_20191019.mp3
maybe 20191102,Maybe_20191102,,,20191102,272.0,10882611,mp3,False,False,Sonica/audio/rehearsal archive/20191102/Maybe_20191102.mp3
maybe 20191116,Maybe_20191116,,,20191116,280.86857142857144,11236831,mp3,False,False,Sonica/audio/rehearsal archive/20191116/Maybe_20191116.mp3
maybe 20191214,Maybe 20191214,,,20191214,282.0,11282807,mp3,False,False,Sonica/audio/rehearsal archive/20191214/Maybe 20191214.mp3
maybe 20200215,maybe_20200215,,,20200215,271.5798639455782,10865920,mp3,False,False,Sonica/audio/rehearsal archive/20200215/maybe_20200215.mp3
maybe 20200314,Maybe_20200314_v1,1.0,,20200314,306.785328798186,12274415,mp3,False,False,Sonica/audio/rehearsal archive/20200314/Maybe_20200314_v1.mp3
maybe instrumental 20200229,maybe_instrumental_20200229,,,20200229,315.6085260770975,12626573,mp3,False,False,Sonica/audio/rehearsal archive/20200229/maybe_instrumental_20200229.mp3
mazzy,Mazzy (new RW),,,,110.74,4432320,mp3,False,False,Sonica/audio/rehearsal archive/working/Mazzy (new RW).mp3
mazzy 20221130,mazzy_20221130,,,20221130,271.72687074829935,10872162,mp3,False,False,Sonica/audio/rehearsal archive/20221130/mazzy_20221130.mp3
mediocre,mediocre,,,20230621,301.25727891156464,12052897,mp3,False,False,Sonica/audio/rehearsal archive/20230621/mediocre.mp3
mediocre 20210623,mediocre(JAM)_20210623,,,20210623,478.9460317460317,19160293,mp3,False,False,Sonica/audio/rehearsal archive/20210623/mediocre(JAM)_20210623.mp3
mediocre 20220928,mediocre_20220928,,,20220928,295.03979591836736,11804211,mp3,False,False,Sonica/audio/rehearsal archive/20220928/mediocre_20220928.mp3
mediocre 20221005,mediocre_20221005,,,20221005,307.6954421768708,12309942,mp3,False,False,Sonica/audio/rehearsal archive/20221005/mediocre_20221005.mp3
mediocre 20230315,mediocre_20230315,,,20230315,310.32839002267576,12415476,mp3,False,False,Sonica/audio/rehearsal archive/20230315/mediocre_20230315.mp3
mediocre 20230405,mediocre_20230405,,,20230405,313.723537414966,12551313,mp3,False,False,Sonica/audio/rehearsal archive/20230405/mediocre_20230405.mp3
mediocre 20230419,mediocre_20230419,,,20230419,304.065275,12162611,mp3,False,False,Sonica/audio/rehearsal archive/20230419/mediocre_20230419.mp3
mediocre 20230927,mediocre_20230927,,,20230927,322.87471655328795,12918072,mp3,False,False,Sonica/audio/rehearsal archive/20230927/mediocre_20230927.mp3
mediocre 20230927,mediocre_20230927,,,,322.87471655328795,12918072,mp3,False,False,Sonica/audio/rehearsal archive/Latest/mediocre_20230927.mp3
mediocre 20231011,mediocre_20231011,,,20231011,313.9253514739229,12559672,mp3,False,False,Sonica/audio/rehearsal archive/20231011/mediocre_20231011.mp3
mediocre 20231101,mediocre_20231101,,,20231101,334.015306122449,13363199,mp3,False,False,Sonica/audio/rehearsal archive/20231101/mediocre_20231101.mp3
mediocre 20240403,mediocre_20240403,,,20240403,323.4478684807256,12940015,mp3,False,False,Sonica/audio/rehearsal archive/20240403/mediocre_20240403.mp3
mediocre 20240417,mediocre_20240417,,,20240417,344.6499546485261,13788472,mp3,False,False,Sonica/audio/rehearsal archive/20240417/mediocre_20240417.mp3
mediocre 20240423,mediocre_20240423,,,20240423,345.63891156462586,13828178,mp3,False,False,Sonica/audio/rehearsal archive/20240423/mediocre_20240423.mp3
mediocre life 20210923,mediocre_life_20210923,,,20210923,300.6003628117914,12026774,mp3,False,False,Sonica/audio/rehearsal archive/20210923/mediocre_life_20210923.mp3
mediocre life 20210928,mediocre_life_20210928,,,20210928,301.43464852607707,12060211,mp3,False,False,Sonica/audio/rehearsal archive/20210928/mediocre_life_20210928.mp3
mediocre life 20211006,mediocre_life_20211006,,,20211006,316.1323129251701,12647444,mp3,False,False,Sonica/audio/rehearsal archive/20211006/mediocre_life_20211006.mp3
mediocre life 20211013,mediocre_life_20211013,,,20211013,304.05972789115646,12175001,mp3,False,False,Sonica/audio/rehearsal archive/20211013/mediocre_life_20211013.mp3
mediocre life 20211101,mediocre_life_20211101,,,20211101,299.4904308390023,11981844,mp3,False,False,Sonica/audio/rehearsal archive/20211101/mediocre_life_20211101.mp3
mediocre life 20211201,Mediocre_Life_20211201,,,20211201,312.19428571428574,12490709,mp3,False,False,Sonica/audio/rehearsal archive/20211201/Mediocre_Life_20211201.mp3
mirro 20250319,mirro_20250319,,,20250319,,40388668,wav,False,False,Sonica/audio/rehearsal archive/20250319/mirro_20250319.wav
mirro 20250319,mirro_20250319,,,20250319,,40388668,wav,False,False,Sonica/audio/rehearsal archive/20250319/guitars/mirro_20250319.wav
mirror,mirror,,,20230621,234.2864172335601,9373778,mp3,False,False,Sonica/audio/rehearsal archive/20230621/mirror.mp3
mirror 20200905,mirror_20200905,,,,842.0662358276644,33685419,mp3,False,False,Sonica/audio/rehearsal archive/20200905 - writing session/mirror_20200905.mp3
mirror 20201114,mirror_20201114,,,,371.8370068027211,14876211,mp3,False,False,Sonica/audio/rehearsal archive/20201114 - song writing/mirror_20201114.mp3
mirror 20201125,mirror_20201125,,,20201125,331.7792743764172,13273337,mp3,False,False,Sonica/audio/rehearsal archive/20201125/mirror_20201125.mp3
mirror 20201202,mirror_20201202,,,20201202,326.7012925170068,13070627,mp3,False,False,Sonica/audio/rehearsal archive/20201202/mirror_20201202.mp3
mirror 20201219,mirror_20201219,,,20201219,361.58113378684806,14465566,mp3,False,False,Sonica/audio/rehearsal archive/20201219/mirror_20201219.mp3
mirror 20210113,mirror_20210113,,,20210113,260.2010657596372,10410317,mp3,False,False,Sonica/audio/rehearsal archive/20210113/mirror_20210113.mp3
mirror 20210116,mirror_20210116,,,20210116,255.49761904761905,10222235,mp3,False,False,Sonica/audio/rehearsal archive/20210116/mirror_20210116.mp3
mirror 20210120,mirror_20210120,,,20210120,258.6751473922902,10349713,mp3,False,False,Sonica/audio/rehearsal archive/20210120/mirror_20210120.mp3
mirror 20210210,mirror_20210210,,,20210210,269.17562358276643,10769762,mp3,False,False,Sonica/audio/rehearsal archive/20210210/mirror_20210210.mp3
mirror 20210217,mirror_20210217,,,,301.99818594104306,12082154,mp3,False,False,Sonica/audio/rehearsal archive/20210217 (Beaconsfield)/mirror_20210217.mp3
mirror 20210225,mirror_20210225,,,20210225,286.50201814058954,11462529,mp3,False,False,Sonica/audio/rehearsal archive/20210225/mirror_20210225.mp3
mirror 20210303,mirror_20210303,,,20210303,298.33675736961453,11935868,mp3,False,False,Sonica/audio/rehearsal archive/20210303/mirror_20210303.mp3
mirror 20210308,mirror_20210308,,,20210308,289.46489795918365,11581648,mp3,False,False,Sonica/audio/rehearsal archive/20210308/mirror_20210308.mp3
mirror 20210317,mirror_20210317,,,20210317,299.51598639455784,11982888,mp3,False,False,Sonica/audio/rehearsal archive/20210317/mirror_20210317.mp3
mirror 20210331,mirror_20210331,,,20210331,260.1269841269841,10407182,mp3,False,False,Sonica/audio/rehearsal archive/20210331/mirror_20210331.mp3
mirror 20210408,mirror_20210408,,,20210408,276.13081632653063,11047705,mp3,False,False,Sonica/audio/rehearsal archive/20210408/mirror_20210408.mp3
mirror 20210414,mirror_20210414,,,20210414,247.6732426303855,9909811,mp3,False,False,Sonica/audio/rehearsal archive/20210414/mirror_20210414.mp3
mirror 20210422,mirror_20210422,,,20210422,276.56419501133786,11065468,mp3,False,False,Sonica/audio/rehearsal archive/20210422/mirror_20210422.mp3
mirror 20210512,mirror_20210512,,,20210512,278.3940589569161,11138611,mp3,False,False,Sonica/audio/rehearsal archive/20210512/mirror_20210512.mp3
mirror 20210519,mirror_20210519,,,,259.86551020408166,10396733,mp3,False,False,Sonica/audio/rehearsal archive/20210519 rosemount/mirror_20210519.mp3
mirror 20210526,mirror_20210526,,,20210526,291.60267573696143,11666284,mp3,False,False,Sonica/audio/rehearsal archive/20210526/mirror_20210526.mp3
mirror 20210609,mirror_20210609,,,20210609,293.4609977324263,11741517,mp3,False,False,Sonica/audio/rehearsal archive/20210609/mirror_20210609.mp3
mirror 20210623,mirror_20210623,,,20210623,252.8279365079365,10115656,mp3,False,False,Sonica/audio/rehearsal archive/20210623/mirror_20210623.mp3
mirror 20210707,mirror_20210707,,,20210707,236.90510204081636,9479313,mp3,False,False,Sonica/audio/rehearsal archive/20210707/mirror_20210707.mp3
mirror 20210722,mirror_20210722,,,20210722,270.2683219954649,10813648,mp3,False,False,Sonica/audio/rehearsal archive/20210722/mirror_20210722.mp3
mirror 20210805,mirror_20210805,,,20210805,322.9892063492064,12922252,mp3,False,False,Sonica/audio/rehearsal archive/20210805/mirror_20210805.mp3
mirror 20210824,mirror_20210824,,,20210824,231.67712018140588,9269288,mp3,False,False,Sonica/audio/rehearsal archive/20210824/mirror_20210824.mp3
mirror 20210831,mirror_20210831,,,20210831,249.70920634920637,9991313,mp3,False,False,Sonica/audio/rehearsal archive/20210831/mirror_20210831.mp3
mirror 20210902,mirror_20210902,,,,222.84571428571428,8916113,mp3,False,False,Sonica/audio/rehearsal archive/20210902 - Convenients/mirror_20210902.mp3
mirror 20210914,mirror_20210914,,,20210914,246.37167800453517,9857566,mp3,False,False,Sonica/audio/rehearsal archive/20210914/mirror_20210914.mp3
mirror 20210928,mirror_20210928,,,20210928,234.9243537414966,9399901,mp3,False,False,Sonica/audio/rehearsal archive/20210928/mirror_20210928.mp3
mirror 20211004,mirror_20211004,,,,247.75396825396825,9912946,mp3,False,False,Sonica/audio/rehearsal archive/20211004 - Mojos/mirror_20211004.mp3
mirror 20211026,mirror_20211026,,,20211026,224.8604081632653,8996570,mp3,False,False,Sonica/audio/rehearsal archive/20211026/mirror_20211026.mp3
mirror 20211101,mirror_20211101,,,20211101,241.9910884353741,9682023,mp3,False,False,Sonica/audio/rehearsal archive/20211101/mirror_20211101.mp3
mirror 20220928,mirror_20220928,,,20220928,231.70467120181405,9270333,mp3,False,False,Sonica/audio/rehearsal archive/20220928/mirror_20220928.mp3
mirror 20221005,mirror_20221005,,,20221005,233.70183673469387,9350791,mp3,False,False,Sonica/audio/rehearsal archive/20221005/mirror_20221005.mp3
mirror 20230315,mirror_20230315,,,20230315,245.11392290249432,9807411,mp3,False,False,Sonica/audio/rehearsal archive/20230315/mirror_20230315.mp3
mirror 20230405,mirror_20230405,,,20230405,244.1622448979592,9768750,mp3,False,False,Sonica/audio/rehearsal archive/20230405/mirror_20230405.mp3
mirror 20230510,mirror_20230510,,,20230510,248.05875,9922350,mp3,False,False,Sonica/audio/rehearsal archive/20230510/mirror_20230510.mp3
mirror 20230927,mirror_20230927,,,20230927,217.0377097505669,8684146,mp3,False,False,Sonica/audio/rehearsal archive/20230927/mirror_20230927.mp3
mirror 20231101,mirror_20231101,,,20231101,235.65074829931973,9429158,mp3,False,False,Sonica/audio/rehearsal archive/20231101/mirror_20231101.mp3
mirror 20240403,mirror_20240403,,,20240403,228.053537414966,9125093,mp3,False,False,Sonica/audio/rehearsal archive/20240403/mirror_20240403.mp3
mirror 20240417,mirror_20240417,,,20240417,227.5343990929705,9104195,mp3,False,False,Sonica/audio/rehearsal archive/20240417/mirror_20240417.mp3
mirror 20240423,mirror_20240423,,,20240423,235.0833106575964,9406170,mp3,False,False,Sonica/audio/rehearsal archive/20240423/mirror_20240423.mp3
mirror 20241002,mirror_20241002,,,20241002,,48654660,wav,False,False,Sonica/audio/rehearsal archive/20241002/mirror_20241002.wav
mirror 20241009,mirror_20241009,,,20241009,,43728228,wav,False,False,Sonica/audio/rehearsal archive/20241009/mirror_20241009.wav
mirror 20241023,mirror_20241023,,,20241023,,41702404,wav,False,False,Sonica/audio/rehearsal archive/20241023/mirror_20241023.wav
mirror 20241030,mirror_20241030,,,20241030,,50635736,wav,False,False,Sonica/audio/rehearsal archive/20241030/mirror_20241030.wav
mirror 20241128,mirror_20241128,,,20241128,,44623672,wav,False,False,Sonica/audio/rehearsal archive/20241128/mirror_20241128.wav
mirror 20241218,mirror_20241218,,,20241218,,43501852,wav,False,False,Sonica/audio/rehearsal archive/20241218/mirror_20241218.wav
mirror 20241218 novox,mirror_20241218_noVox,,,20241218,,43501852,wav,False,False,Sonica/audio/rehearsal archive/20241218/no vox/mirror_20241218_noVox.wav
mirror 20241218 remix,Mirror_20241218_remix,,,20241218,,43041644,wav,False,False,Sonica/audio/rehearsal archive/20241218/Mirror_20241218_remix.wav
mirror 20250114,mirror_20250114,,,20250114,,40981292,wav,False,False,Sonica/audio/rehearsal archive/20250114/mirror_20250114.wav
mirror 20250114,mirror_20250114,,,20250319,,40981292,wav,False,False,Sonica/audio/rehearsal archive/20250319/guitars/mirror_20250114.wav
mirror 20250114,mirror_20250114,,,,,40981292,wav,False,False,Sonica/audio/rehearsal archive/Latest/mirror_20250114.wav
mirror 20250211,mirror_20250211,,,20250211,,41718724,wav,False,False,Sonica/audio/rehearsal archive/20250211/mirror_20250211.wav
mirror jan and march guitars,mirror_jan and march guitars,,,20250319,,40981372,wav,False,False,Sonica/audio/rehearsal archive/20250319/guitars/mirror_jan and march guitars.wav
mirror rw demo,mirror_RW_demo,,,,104.23292517006804,4172276,mp3,False,False,Sonica/audio/rehearsal archive/20200905 - writing session/mirror_RW_demo.mp3
mirrot 20231011,mirrot_20231011,,,20231011,227.4595011337869,9101060,mp3,False,False,Sonica/audio/rehearsal archive/20231011/mirrot_20231011.mp3
never,never,,,20230621,309.98149659863947,12401893,mp3,False,False,Sonica/audio/rehearsal archive/20230621/never.mp3
never 20220928,never_20220928,,,20220928,315.18666666666667,12609827,mp3,False,False,Sonica/audio/rehearsal archive/20220928/never_20220928.mp3
never 20221005,never_20221005,,,20221005,355.1795918367347,14209566,mp3,False,False,Sonica/audio/rehearsal archive/20221005/never_20221005.mp3
never 20230315,never_20230315,,,20230315,328.74786848072563,13152129,mp3,False,False,Sonica/audio/rehearsal archive/20230315/never_20230315.mp3
never 20230405,never_20230405,,,20230405,349.1129931972789,13967150,mp3,False,False,Sonica/audio/rehearsal archive/20230405/never_20230405.mp3
never 20230419,never_20230419,,,20230419,328.0718,13122872,mp3,False,False,Sonica/audio/rehearsal archive/20230419/never_20230419.mp3
never 20230510,never_20230510,,,20230510,312.05875,12482350,mp3,False,False,Sonica/audio/rehearsal archive/20230510/never_20230510.mp3
never 20230510,never_20230510,,,,312.05875,12482350,mp3,False,False,Sonica/audio/rehearsal archive/Latest/never_20230510.mp3
never 20230510 new,never_20230510_new,,,20230510,,82555324,wav,False,False,Sonica/audio/rehearsal archive/20230510/never_20230510_new.wav
never 20230927,never_20230927,,,20230927,296.7838321995465,11874219,mp3,False,False,Sonica/audio/rehearsal archive/20230927/never_20230927.mp3
never 20231011,never_20231011,,,20231011,309.0921315192744,12366366,mp3,False,False,Sonica/audio/rehearsal archive/20231011/never_20231011.mp3
never 20231101,never_20231101,,,20231101,329.6325396825397,13187656,mp3,False,False,Sonica/audio/rehearsal archive/20231101/never_20231101.mp3
never 2024003,never_2024003,,,20240403,352.79884353741494,14114480,mp3,False,False,Sonica/audio/rehearsal archive/20240403/never_2024003.mp3
never 2024010 no vox,never_2024010_no_vox,,,20240410,369.5396825396825,14784260,mp3,False,False,Sonica/audio/rehearsal archive/20240410/never_2024010_no_vox.mp3
never 20240417,never_20240417,,,20240417,335.75680272108843,13433207,mp3,False,False,Sonica/audio/rehearsal archive/20240417/never_20240417.mp3
never 20240423,never_20240423,,,20240423,342.1495238095238,13688162,mp3,False,False,Sonica/audio/rehearsal archive/20240423/never_20240423.mp3
never 20240522,never_20240522,,,20240522,,27452094,wav,False,False,Sonica/audio/rehearsal archive/20240522/never_20240522.wav
never 20240821,never_20240821,,,20240821,365.812925170068,14634840,mp3,False,False,Sonica/audio/rehearsal archive/20240821/never_20240821.mp3
never over 20200229,Never_Over_v1_20200229,1.0,,20200229,391.47267573696143,15662001,mp3,False,False,Sonica/audio/rehearsal archive/20200229/Never_Over_v1_20200229.mp3
never over 20200229,Never_Over_v2_20200229,2.0,,20200229,288.6008163265306,11546148,mp3,False,False,Sonica/audio/rehearsal archive/20200229/Never_Over_v2_20200229.mp3
never over 20200229,Never_Over_v3_20200229,3.0,,20200229,322.0397505668934,12884662,mp3,False,False,Sonica/audio/rehearsal archive/20200229/Never_Over_v3_20200229.mp3
never over 20200307,Never_Over_v1_20200307,1.0,,20200307,333.8566666666667,13356929,mp3,False,False,Sonica/audio/rehearsal archive/20200307/Never_Over_v1_20200307.mp3
never over 20200314,Never_Over_20200314_v1,1.0,,20200314,340.4855782312925,13622333,mp3,False,False,Sonica/audio/rehearsal archive/20200314/Never_Over_20200314_v1.mp3
never over 20200502,Never_Over_20200502,,,20200502,275.9159410430839,11039346,mp3,False,False,Sonica/audio/rehearsal archive/20200502/Never_Over_20200502.mp3
never over 20200516,Never_Over_20200516,,,20200516,334.23687074829934,13372603,mp3,False,False,Sonica/audio/rehearsal archive/20200516/Never_Over_20200516.mp3
never over 20200523,Never_Over_20200523,,,20200523,334.7895238095238,13394546,mp3,False,False,Sonica/audio/rehearsal archive/20200523/Never_Over_20200523.mp3
never over 20200606,Never_Over_20200606,,,20200606,295.01820861678004,11803166,mp3,False,False,Sonica/audio/rehearsal archive/20200606/Never_Over_20200606.mp3
never over 20200620,Never_Over_20200620,,,20200620,302.62557823129254,12107231,mp3,False,False,Sonica/audio/rehearsal archive/20200620/Never_Over_20200620.mp3
never over 20200627,Never_Over_20200627,,,20200627,297.3718367346939,11897207,mp3,False,False,Sonica/audio/rehearsal archive/20200627/Never_Over_20200627.mp3
never over 20200704,Never_Over_20200704,,,20200704,296.8000226757369,11874219,mp3,False,False,Sonica/audio/rehearsal archive/20200704/Never_Over_20200704.mp3
never over 20200725,Never_Over_20200725,,,20200725,303.5596825396825,12144848,mp3,False,False,Sonica/audio/rehearsal archive/20200725/Never_Over_20200725.mp3
never over 20200801,Never_Over_20200801,,,20200801,310.38795918367344,12418611,mp3,False,False,Sonica/audio/rehearsal archive/20200801/Never_Over_20200801.mp3
never over 20200808,Never_Over_20200808,,,20200808,291.4642630385488,11661060,mp3,False,False,Sonica/audio/rehearsal archive/20200808/Never_Over_20200808.mp3
never over 20200822,Never_Over_20200822,,,20200822,316.7932199546485,12674611,mp3,False,False,Sonica/audio/rehearsal archive/20200822/Never_Over_20200822.mp3
never over 20200912,Never_Over_20200912,,,20200912,303.3954648526077,12138578,mp3,False,False,Sonica/audio/rehearsal archive/20200912/Never_Over_20200912.mp3
never over 20201003,Never Over 20201003,,,,321.4756462585034,12861648,mp3,False,False,Sonica/audio/rehearsal archive/20200620 Demo Recording/RWMix/Never Over 20201003.mp3
never over 20201010 01,Never_Over_20201010_01,,,20201010,283.51390022675736,11343411,mp3,False,False,Sonica/audio/rehearsal archive/20201010/Never_Over_20201010_01.mp3
never over 20201010 02,Never_Over_20201010_02,,,20201010,280.68442176870747,11229517,mp3,False,False,Sonica/audio/rehearsal archive/20201010/Never_Over_20201010_02.mp3
never over 20201014,Never_Over_20201014_(MOJOs),,,,330.77591836734695,13233631,mp3,False,False,Sonica/audio/rehearsal archive/20201014 (Mojos)/Never_Over_20201014_(MOJOs).mp3
never over 20201017,Never_Over_20201017,,,20201017,329.37657596371884,13177207,mp3,False,False,Sonica/audio/rehearsal archive/20201017/Never_Over_20201017.mp3
never over 20201022 camfield,Never_Over_20201022_camfield,,,,302.6444671201814,12108276,mp3,False,False,Sonica/audio/rehearsal archive/20201022 (Camfield)/Never_Over_20201022_camfield.mp3
never over 20201104 rosemount,Never_over_20201104_rosemount,,,,326.63451247165534,13067493,mp3,False,False,Sonica/audio/rehearsal archive/20201104 (Rosemount)/Never_over_20201104_rosemount.mp3
never over 20201125,Never_Over_20201125,,,20201125,314.6261451247166,12587884,mp3,False,False,Sonica/audio/rehearsal archive/20201125/Never_Over_20201125.mp3
never over 20201202,Never_Over_20201202,,,20201202,300.8736507936508,12037223,mp3,False,False,Sonica/audio/rehearsal archive/20201202/Never_Over_20201202.mp3
never over 20201219,Never_Over_20201219,,,20201219,297.46732426303856,11901386,mp3,False,False,Sonica/audio/rehearsal archive/20201219/Never_Over_20201219.mp3
never over 20210113,Never_Over_20210113,,,20210113,314.0896598639456,12565942,mp3,False,False,Sonica/audio/rehearsal archive/20210113/Never_Over_20210113.mp3
never over 20210116,Never_Over_20210116,,,20210116,297.6187074829932,11907656,mp3,False,False,Sonica/audio/rehearsal archive/20210116/Never_Over_20210116.mp3
never over 20210120,Never_Over_20210120,,,20210120,298.87773242630385,11957811,mp3,False,False,Sonica/audio/rehearsal archive/20210120/Never_Over_20210120.mp3
never over 20210210,Never_Over_20210210,,,20210210,323.8218594104308,12955688,mp3,False,False,Sonica/audio/rehearsal archive/20210210/Never_Over_20210210.mp3
never over 20210217,Never_Over_20210217,,,,308.1001360544218,12326660,mp3,False,False,Sonica/audio/rehearsal archive/20210217 (Beaconsfield)/Never_Over_20210217.mp3
never over 20210225,Never_Over_20210225,,,20210225,312.5602494331065,12505337,mp3,False,False,Sonica/audio/rehearsal archive/20210225/Never_Over_20210225.mp3
never over 20210303,Never_Over_20210303,,,20210303,317.0199546485261,12682970,mp3,False,False,Sonica/audio/rehearsal archive/20210303/Never_Over_20210303.mp3
never over 20210308,Never_Over_20210308,,,20210308,327.05104308390025,13084211,mp3,False,False,Sonica/audio/rehearsal archive/20210308/Never_Over_20210308.mp3
never over 20210317,Never_Over_20210317,,,20210317,339.9148299319728,13599346,mp3,False,False,Sonica/audio/rehearsal archive/20210317/Never_Over_20210317.mp3
never over 20210331,Never_Over_20210331,,,20210331,298.61038548752833,11947362,mp3,False,False,Sonica/audio/rehearsal archive/20210331/Never_Over_20210331.mp3
never over 20210408,Never_Over_20210408,,,20210408,317.62897959183675,12708048,mp3,False,False,Sonica/audio/rehearsal archive/20210408/Never_Over_20210408.mp3
never over 20210414,Never_Over_20210414,,,20210414,311.59321995464853,12466676,mp3,False,False,Sonica/audio/rehearsal archive/20210414/Never_Over_20210414.mp3
never over 20210422,Never_Over_20210422,,,20210422,328.0606349206349,13124962,mp3,False,False,Sonica/audio/rehearsal archive/20210422/Never_Over_20210422.mp3
never over 20210512,Never_Over_20210512,,,20210512,334.3687528344671,13377827,mp3,False,False,Sonica/audio/rehearsal archive/20210512/Never_Over_20210512.mp3
never over 20210526,Never_Over_20210526,,,20210526,321.05702947845805,12844929,mp3,False,False,Sonica/audio/rehearsal archive/20210526/Never_Over_20210526.mp3
never over 20210609,Never_Over_20210609,,,20210609,341.8535827664399,13676668,mp3,False,False,Sonica/audio/rehearsal archive/20210609/Never_Over_20210609.mp3
never over 20210623,Never_Over_20210623,,,20210623,318.4772335600907,12741484,mp3,False,False,Sonica/audio/rehearsal archive/20210623/Never_Over_20210623.mp3
never over 20210707,Never_Over_20210707,,,20210707,325.13281179138323,13007933,mp3,False,False,Sonica/audio/rehearsal archive/20210707/Never_Over_20210707.mp3
never over 20210722,Never_Over_20210722,,,20210722,324.51659863945576,12982856,mp3,False,False,Sonica/audio/rehearsal archive/20210722/Never_Over_20210722.mp3
never over 20210805,Never_Over_20210805,,,20210805,326.47167800453514,13061223,mp3,False,False,Sonica/audio/rehearsal archive/20210805/Never_Over_20210805.mp3
never over 20210824,Never_Over_20210824,,,20210824,318.8325623582766,12756113,mp3,False,False,Sonica/audio/rehearsal archive/20210824/Never_Over_20210824.mp3
never over 20210914,Never_Over_20210914,,,20210914,326.4987301587301,13062268,mp3,False,False,Sonica/audio/rehearsal archive/20210914/Never_Over_20210914.mp3
never over 20210928,Never_Over_20210928,,,20210928,352.73163265306124,14112391,mp3,False,False,Sonica/audio/rehearsal archive/20210928/Never_Over_20210928.mp3
never over 20211013,Never_Over_20211013,,,20211013,310.83274376417233,12446674,mp3,False,False,Sonica/audio/rehearsal archive/20211013/Never_Over_20211013.mp3
never over 20211026,Never_Over_20211026,,,20211026,299.2248752834467,11971395,mp3,False,False,Sonica/audio/rehearsal archive/20211026/Never_Over_20211026.mp3
never over 20211101,Never_Over_20211101,,,20211101,323.06632653061223,12925386,mp3,False,False,Sonica/audio/rehearsal archive/20211101/Never_Over_20211101.mp3
never over 20220316,Never_over_(jam1)_20220316,,,20220316,438.2997732426304,17534431,mp3,False,False,Sonica/audio/rehearsal archive/20220316/Never_over_(jam1)_20220316.mp3
never over 20220316,Never_over_(jam2)_20220316,,,20220316,390.560566893424,15625403,mp3,False,False,Sonica/audio/rehearsal archive/20220316/Never_over_(jam2)_20220316.mp3
never over 20220330,Never_over_(jam1)_20220330,,,20220330,431.8230612244898,17275297,mp3,False,False,Sonica/audio/rehearsal archive/20220330/Never_over_(jam1)_20220330.mp3
never over 20220330,Never_over_(jam2)_20220330,,,20220330,442.941179138322,17720423,mp3,False,False,Sonica/audio/rehearsal archive/20220330/Never_over_(jam2)_20220330.mp3
never over 20220330,Never_over_(jam3)_20220330,,,20220330,406.46208616780046,16260701,mp3,False,False,Sonica/audio/rehearsal archive/20220330/Never_over_(jam3)_20220330.mp3
never over 20220420,Never_over_20220420,,,20220420,431.84433106575966,17276342,mp3,False,False,Sonica/audio/rehearsal archive/20220420/Never_over_20220420.mp3
never over 20220524,Never_over_20220524,,,20220524,351.24979591836734,14052831,mp3,False,False,Sonica/audio/rehearsal archive/20220524/Never_over_20220524.mp3
never over mastered,Never Over Mastered,,,,,93362012,wav,False,False,Sonica/audio/rehearsal archive/20200620 Demo Recording/archive/Never Over Mastered.wav
never over mastered,Never Over Mastered (old),,,,324.24,6486930,mp3,False,False,Sonica/audio/rehearsal archive/20200620 Demo Recording/archive/Never Over Mastered (old).mp3
never over mastered2,Never Over Mastered2,,,,,93362012,wav,False,False,Sonica/audio/rehearsal archive/20200620 Demo Recording/WAvs/Never Over Mastered2.wav
never over sonica,Never_over_sonica,,,,324.24,6486988,mp3,False,False,Sonica/audio/rehearsal archive/20200620 Demo Recording/Mp3/Never_over_sonica.mp3
new song 01,New_song_01,,,20211201,356.31972789115645,14255542,mp3,False,False,Sonica/audio/rehearsal archive/20211201/New_song_01.mp3
new song 01 20211207,New_song_01_20211207,,,20211207,657.1790929705215,26289631,mp3,False,False,Sonica/audio/rehearsal archive/20211207/New_song_01_20211207.mp3
new song 02,New_song_02,,,20211201,319.7795918367347,12793729,mp3,False,False,Sonica/audio/rehearsal archive/20211201/New_song_02.mp3
new song 02 20211207,New_song_02_20211207,,,20211207,593.2086394557823,23730676,mp3,False,False,Sonica/audio/rehearsal archive/20211207/New_song_02_20211207.mp3
new song 03,New_song_03,,,20211201,476.9577551020408,19080880,mp3,False,False,Sonica/audio/rehearsal archive/20211201/New_song_03.mp3
new song 03 20211201,New_song_03_20211201,,,20211207,476.9577551020408,19080880,mp3,False,False,Sonica/audio/rehearsal archive/20211207/New_song_03_20211201.mp3
new song 04 20220316,New_song_04_20220316,,,20220316,339.63902494331063,13587852,mp3,False,False,Sonica/audio/rehearsal archive/20220316/New_song_04_20220316.mp3
new song 20210526,New_song_20210526,,,20210526,91.8830612244898,3678040,mp3,False,False,Sonica/audio/rehearsal archive/20210526/New_song_20210526.mp3
new song jam,new_song_jam,,,20210824,991.5895238095238,39666415,mp3,False,False,Sonica/audio/rehearsal archive/20210824/new_song_jam.mp3
ocean blue,Ocean_Blue_v1,1.0,,20190316,209.7135,8393581,mp3,False,False,Sonica/audio/rehearsal archive/20190316/Ocean_Blue_v1.mp3
ocean blue,Ocean_Blue_v2,2.0,,20190330,177.6627,7111020,mp3,False,False,Sonica/audio/rehearsal archive/20190330/Ocean_Blue_v2.mp3
ocean blue,ocean_Blue_v2,2.0,,20190406,181.5516,7266030,mp3,False,False,Sonica/audio/rehearsal archive/20190406/ocean_Blue_v2.mp3
ocean blue,ocean_Blue_v2,2.0,,20190427,181.5516,7266030,mp3,False,False,Sonica/audio/rehearsal archive/20190427/ocean_Blue_v2.mp3
ocean blue 20190831,Ocean Blue - 20190831,,,20190831,193.96454166666663,4655279,mp3,False,False,Sonica/audio/rehearsal archive/20190831/Ocean Blue - 20190831.mp3
oceans apart alan,Oceans Apart - Alan,,,,428.02166666666665,10272624,mp3,False,False,Sonica/audio/rehearsal archive/working/Oceans Apart - Alan.mp3
oerfect 20241128,oerfect_20241128,,,20241128,,50474828,wav,False,False,Sonica/audio/rehearsal archive/20241128/oerfect_20241128.wav
passenger 20200215,passenger_20200215,,,20200215,337.90945578231293,13518915,mp3,False,False,Sonica/audio/rehearsal archive/20200215/passenger_20200215.mp3
passengers 20190831,Passengers - 20190831,,,20190831,307.64941666666664,7383716,mp3,False,False,Sonica/audio/rehearsal archive/20190831/Passengers - 20190831.mp3
passengers 20190914,Passengers_v01_20190914,1.0,,20190914,293.0,11722766,mp3,False,False,Sonica/audio/rehearsal archive/20190914/Passengers_v01_20190914.mp3
passengers 20191102,Passengers_20191102,,,20191102,297.5,11902431,mp3,False,False,Sonica/audio/rehearsal archive/20191102/Passengers_20191102.mp3
passengers 20191109,Passengers_20191109,,,20191109,334.2844897959184,13373765,mp3,False,False,Sonica/audio/rehearsal archive/20191109/Passengers_20191109.mp3
passengers 20191116,Passengers_20191116,,,20191116,309.847074829932,12396668,mp3,False,False,Sonica/audio/rehearsal archive/20191116/Passengers_20191116.mp3
passengers 20191214,passengers 20191214,,,20191214,290.5,11622399,mp3,False,False,Sonica/audio/rehearsal archive/20191214/passengers 20191214.mp3
passion victim 20190831 instrum,Passion Victim - 20190831 Instrum,,,20190831,343.33270833333336,8240139,mp3,False,False,Sonica/audio/rehearsal archive/20190831/Passion Victim - 20190831 Instrum.mp3
passion victim 20190831 instrum,Passion Victim - 20190831 Instrum,,,,343.33270833333336,8240139,mp3,False,False,Sonica/audio/rehearsal archive/parked/Passion Victim - 20190831 Instrum.mp3
perfect,perfect,,,20230621,308.741746031746,12352782,mp3,False,False,Sonica/audio/rehearsal archive/20230621/perfect.mp3
perfect 20230315,perfect_20230315,,,20230315,307.598231292517,12306807,mp3,False,False,Sonica/audio/rehearsal archive/20230315/perfect_20230315.mp3
perfect 20230329,perfect_20230329,,,20230329,299.73485260770974,11992293,mp3,False,False,Sonica/audio/rehearsal archive/20230329/perfect_20230329.mp3
perfect 20230405,perfect_20230405,,,20230405,337.770566893424,13513664,mp3,False,False,Sonica/audio/rehearsal archive/20230405/perfect_20230405.mp3
perfect 20230607,perfect_20230607,,,20230607,304.6922,12187688,mp3,False,False,Sonica/audio/rehearsal archive/20230607/perfect_20230607.mp3
perfect 20230927,perfect_20230927,,,20230927,274.89385487528347,10998595,mp3,False,False,Sonica/audio/rehearsal archive/20230927/perfect_20230927.mp3
perfect 20231011,perfect_20231011,,,20231011,282.6303174603175,11307884,mp3,False,False,Sonica/audio/rehearsal archive/20231011/perfect_20231011.mp3
perfect 20231101,perfect_20231101,,,20231101,310.85884353741494,12437419,mp3,False,False,Sonica/audio/rehearsal archive/20231101/perfect_20231101.mp3
perfect 20240403,perfect_20240403,,,20240403,296.28278911564627,11854366,mp3,False,False,Sonica/audio/rehearsal archive/20240403/perfect_20240403.mp3
perfect 20240417,perfect_20240417,,,20240417,311.5321995464853,12463542,mp3,False,False,Sonica/audio/rehearsal archive/20240417/perfect_20240417.mp3
perfect 20240423,perfect_20240423,,,20240423,317.7555555555556,12713272,mp3,False,False,Sonica/audio/rehearsal archive/20240423/perfect_20240423.mp3
perfect 20240423 edit,perfect_20240423_edit,,,20240423,273.87142857142857,10957844,mp3,False,False,Sonica/audio/rehearsal archive/20240423/perfect_20240423_edit.mp3
perfect 20240508,perfect_20240508,,,20240508,224.1160090702948,8967313,mp3,False,False,Sonica/audio/rehearsal archive/20240508/perfect_20240508.mp3
perfect 20240515,perfect_20240515,,,20240515,,43192788,wav,False,False,Sonica/audio/rehearsal archive/20240515/perfect_20240515.wav
perfect 20240522,perfect_20240522,,,20240522,,22256054,wav,False,False,Sonica/audio/rehearsal archive/20240522/perfect_20240522.wav
perfect 20241023,perfect_20241023,,,20241023,,48619844,wav,False,False,Sonica/audio/rehearsal archive/20241023/perfect_20241023.wav
perfect 20241030,perfect_20241030,,,20241030,,51638988,wav,False,False,Sonica/audio/rehearsal archive/20241030/perfect_20241030.wav
perfect 20241218,perfect_20241218,,,20241218,,52287208,wav,False,False,Sonica/audio/rehearsal archive/20241218/perfect_20241218.wav
perfect 20241218 novox,perfect_20241218_noVox,,,20241218,,52287208,wav,False,False,Sonica/audio/rehearsal archive/20241218/no vox/perfect_20241218_noVox.wav
perfect 20250114,perfect_20250114,,,20250114,,45384236,wav,False,False,Sonica/audio/rehearsal archive/20250114/perfect_20250114.wav
perfect 20250114,perfect_20250114,,,,,45384236,wav,False,False,Sonica/audio/rehearsal archive/Latest/perfect_20250114.wav
perfect 20250211,perfect_20250211,,,20250211,,47010724,wav,False,False,Sonica/audio/rehearsal archive/20250211/perfect_20250211.wav
perfect 20250319,perfect_20250319,,,20250319,,46654396,wav,False,False,Sonica/audio/rehearsal archive/20250319/perfect_20250319.wav
perfect day 20221130,perfect_day_20221130,,,20221130,292.6246485260771,11708080,mp3,False,False,Sonica/audio/rehearsal archive/20221130/perfect_day_20221130.mp3
perfect day 20230208,perfect_day_20230208,,,20230208,291.53979591836736,11664195,mp3,False,False,Sonica/audio/rehearsal archive/20230208/perfect_day_20230208.mp3
perfect day 20230215,perfect_day_20230215,,,20230215,304.81108843537413,12195003,mp3,False,False,Sonica/audio/rehearsal archive/20230215/perfect_day_20230215.mp3
perfect day 20230419,perfect_day_20230419,,,20230419,326.060375,13042415,mp3,False,False,Sonica/audio/rehearsal archive/20230419/perfect_day_20230419.mp3
perfect day 20230419,perfect_day_20230419,,,20230524,326.060375,13042415,mp3,False,False,Sonica/audio/rehearsal archive/20230524/perfect_day_20230419.mp3
perfect day 20230510,perfect_day_20230510,,,20230510,292.075075,11683003,mp3,False,False,Sonica/audio/rehearsal archive/20230510/perfect_day_20230510.mp3
personal jesus 20200905,Personal_Jesus (JAM)_20200905,,,,200.00195011337868,8002872,mp3,False,False,Sonica/audio/rehearsal archive/parked/Personal_Jesus (JAM)_20200905.mp3
personal jesus 20200905,Personal_Jesus_20200905,,,,200.00195011337868,8002872,mp3,False,False,Sonica/audio/rehearsal archive/20200905 - writing session/Personal_Jesus_20200905.mp3
personal jesus 20200912,Personal_Jesus_20200912,,,20200912,221.6284353741497,8868048,mp3,False,False,Sonica/audio/rehearsal archive/20200912/Personal_Jesus_20200912.mp3
personal jesus rw demo,personal_jesus_RW_demo,,,,233.12689342403627,9327803,mp3,False,False,Sonica/audio/rehearsal archive/20200905 - writing session/personal_jesus_RW_demo.mp3
places,places,,,20230621,305.47238095238095,12221125,mp3,False,False,Sonica/audio/rehearsal archive/20230621/places.mp3
places,Places (bandlab edit),,,20250114,,57077090,wav,False,False,Sonica/audio/rehearsal archive/20250114/Places (bandlab edit).wav
places,Places (bandlab edit),,,20250211,,57077090,wav,False,False,Sonica/audio/rehearsal archive/20250211/Places (bandlab edit).wav
places,Places (bandlab edit),,,,,57077090,wav,False,False,Sonica/audio/rehearsal archive/Latest/Places (bandlab edit).wav
places,Places (bandlab edit),,,,,57077090,wav,False,False,Sonica/audio/rehearsal archive/working/Places (bandlab edit).wav
places 20201202,places_20201202,,,20201202,292.4295918367347,11699721,mp3,False,False,Sonica/audio/rehearsal archive/20201202/places_20201202.mp3
places 20210210,places_20210210,,,20210210,313.0367120181406,12524146,mp3,False,False,Sonica/audio/rehearsal archive/20210210/places_20210210.mp3
places 20210225,places_20210225,,,20210225,311.47120181405893,12461452,mp3,False,False,Sonica/audio/rehearsal archive/20210225/places_20210225.mp3
places 20210303,places_20210303,,,20210303,291.10115646258504,11646431,mp3,False,False,Sonica/audio/rehearsal archive/20210303/places_20210303.mp3
places 20210308,places_20210308,,,20210308,319.0196825396825,12763427,mp3,False,False,Sonica/audio/rehearsal archive/20210308/places_20210308.mp3
places 20210317,places_20210317,,,20210317,290.15609977324266,11608815,mp3,False,False,Sonica/audio/rehearsal archive/20210317/places_20210317.mp3
places 20210324,places_20210324,,,20210324,334.4893650793651,13382007,mp3,False,False,Sonica/audio/rehearsal archive/20210324/places_20210324.mp3
places 20210331,places_20210331,,,20210331,317.2280045351474,12691329,mp3,False,False,Sonica/audio/rehearsal archive/20210331/places_20210331.mp3
places 20210408,places_20210408,,,20210408,303.00727891156464,12122905,mp3,False,False,Sonica/audio/rehearsal archive/20210408/places_20210408.mp3
places 20210414,places_20210414,,,20210414,308.8290249433107,12355917,mp3,False,False,Sonica/audio/rehearsal archive/20210414/places_20210414.mp3
places 20210422,places_20210422,,,20210422,319.2127664399093,12770742,mp3,False,False,Sonica/audio/rehearsal archive/20210422/places_20210422.mp3
places 20210512,places_20210512,,,20210512,311.6929931972789,12469811,mp3,False,False,Sonica/audio/rehearsal archive/20210512/places_20210512.mp3
places 20210526,places_20210526,,,20210526,307.0338321995465,12283819,mp3,False,False,Sonica/audio/rehearsal archive/20210526/places_20210526.mp3
places 20210603,places_20210603,,,,295.97589569161,11841827,mp3,False,False,Sonica/audio/rehearsal archive/20210603 - Sonar Room/places_20210603.mp3
places 20210609,places_20210609,,,20210609,322.5444897959184,12904488,mp3,False,False,Sonica/audio/rehearsal archive/20210609/places_20210609.mp3
places 20210623,places_20210623,,,20210623,319.74643990929707,12792684,mp3,False,False,Sonica/audio/rehearsal archive/20210623/places_20210623.mp3
places 20210707,places_20210707,,,20210707,317.8961451247165,12718497,mp3,False,False,Sonica/audio/rehearsal archive/20210707/places_20210707.mp3
places 20210722,places_20210722,,,20210722,337.0183446712018,13483362,mp3,False,False,Sonica/audio/rehearsal archive/20210722/places_20210722.mp3
places 20210724,places_20210724,,,20210724,303.0268480725624,12123950,mp3,False,False,Sonica/audio/rehearsal archive/20210724/places_20210724.mp3
places 20210731,places_20210731,,,,290.7218140589569,11631803,mp3,False,False,Sonica/audio/rehearsal archive/20210731 - sonar room/places_20210731.mp3
places 20210805,places_20210805,,,20210805,301.5193424036281,12063346,mp3,False,False,Sonica/audio/rehearsal archive/20210805/places_20210805.mp3
places 20210812,places_20210812,,,20210812,318.15385487528346,12728946,mp3,False,False,Sonica/audio/rehearsal archive/20210812/places_20210812.mp3
places 20210819,places_20210819,,,20210819,323.0596598639456,12925386,mp3,False,False,Sonica/audio/rehearsal archive/20210819/places_20210819.mp3
places 20210914,places_20210914,,,20210914,314.877619047619,12597288,mp3,False,False,Sonica/audio/rehearsal archive/20210914/places_20210914.mp3
places 20210928,places_20210928,,,20210928,338.95174603174604,13560684,mp3,False,False,Sonica/audio/rehearsal archive/20210928/places_20210928.mp3
places 20211004,places_20211004,,,,317.92739229024943,12719542,mp3,False,False,Sonica/audio/rehearsal archive/20211004 - Mojos/places_20211004.mp3
places 20211013,places_20211013,,,20211013,298.4357142857143,11950348,mp3,False,False,Sonica/audio/rehearsal archive/20211013/places_20211013.mp3
places 20211026,places_20211026,,,20211026,308.145873015873,12328750,mp3,False,False,Sonica/audio/rehearsal archive/20211026/places_20211026.mp3
places 20211101,places_20211101,,,20211101,319.0978004535148,12766562,mp3,False,False,Sonica/audio/rehearsal archive/20211101/places_20211101.mp3
places 20230405,places_20230405,,,20230405,316.25333333333333,12652668,mp3,False,False,Sonica/audio/rehearsal archive/20230405/places_20230405.mp3
places 20231011,places_20231011,,,20231011,294.2812471655329,11773909,mp3,False,False,Sonica/audio/rehearsal archive/20231011/places_20231011.mp3
places 20231101,places_20231101,,,20231101,305.1018367346939,12206497,mp3,False,False,Sonica/audio/rehearsal archive/20231101/places_20231101.mp3
places 20240403,places_20240403,,,20240403,329.4136507936508,13179297,mp3,False,False,Sonica/audio/rehearsal archive/20240403/places_20240403.mp3
places 20240410 no vox,places_20240410_no_vox,,,20240410,326.2830385487528,13053909,mp3,False,False,Sonica/audio/rehearsal archive/20240410/places_20240410_no_vox.mp3
places 20240417,places_20240417,,,20240417,340.71362811791386,13630693,mp3,False,False,Sonica/audio/rehearsal archive/20240417/places_20240417.mp3
places 20240423,places_20240423,,,20240423,314.3953968253968,12578480,mp3,False,False,Sonica/audio/rehearsal archive/20240423/places_20240423.mp3
places 20250319,places_20250319,,,20250319,,53890324,wav,False,False,Sonica/audio/rehearsal archive/20250319/places_20250319.wav
places no vox,Places_no_vox,,,,,57072996,wav,False,False,Sonica/audio/rehearsal archive/working/Places_no_vox.wav
play,Play,,,20230621,358.63961451247167,14348537,mp3,False,False,Sonica/audio/rehearsal archive/20230621/Play.mp3
play 20230315,play_20230315,,,20230315,434.004716553288,17363068,mp3,False,False,Sonica/audio/rehearsal archive/20230315/play_20230315.mp3
play 20230315 0.2,play_20230315_0.2,,,20230315,,74534412,wav,False,False,Sonica/audio/rehearsal archive/20230315/play_20230315_0.2.wav
play 20230927,play_20230927,,,20230927,378.3313378684807,15135346,mp3,False,False,Sonica/audio/rehearsal archive/20230927/play_20230927.mp3
play 20231011,play_20231011,,,20231011,386.9909070294785,15482252,mp3,False,False,Sonica/audio/rehearsal archive/20231011/play_20231011.mp3
play 20231101,play_20231101,,,20231101,411.7728798185941,16473860,mp3,False,False,Sonica/audio/rehearsal archive/20231101/play_20231101.mp3
play 20240403,play_20240403,,,20240403,394.9693197278912,15800946,mp3,False,False,Sonica/audio/rehearsal archive/20240403/play_20240403.mp3
play 20240417,play_20240417,,,20240417,429.57802721088433,17185435,mp3,False,False,Sonica/audio/rehearsal archive/20240417/play_20240417.mp3
play 20240423,play_20240423,,,20240423,454.3949433106576,18178088,mp3,False,False,Sonica/audio/rehearsal archive/20240423/play_20240423.mp3
play 20240515,play_20240515,,,20240515,,58746596,wav,False,False,Sonica/audio/rehearsal archive/20240515/play_20240515.wav
play 20240522,play_20240522,,,20240522,,31744510,wav,False,False,Sonica/audio/rehearsal archive/20240522/play_20240522.wav
play 20241128,play_20241128,,,20241128,,71958832,wav,False,False,Sonica/audio/rehearsal archive/20241128/play_20241128.wav
play 20241218,play_20241218,,,20241218,,65340208,wav,False,False,Sonica/audio/rehearsal archive/20241218/play_20241218.wav
play 20241218 novox,play_20241218_noVox,,,20241218,,65340208,wav,False,False,Sonica/audio/rehearsal archive/20241218/no vox/play_20241218_noVox.wav
play 20250211,play_20250211,,,20250211,,67022004,wav,False,False,Sonica/audio/rehearsal archive/20250211/play_20250211.wav
play 20250211,play_20250211,,,,,67022004,wav,False,False,Sonica/audio/rehearsal archive/Latest/play_20250211.wav
play 20250319,play_20250319,,,20250319,,65003524,wav,False,False,Sonica/audio/rehearsal archive/20250319/play_20250319.wav
play it 20200613,Play_It_20200613,,,20200613,282.535873015873,11303705,mp3,False,False,Sonica/audio/rehearsal archive/20200613/Play_It_20200613.mp3
play it 20200620,Play_It_20200620,,,20200620,314.6498639455782,12588929,mp3,False,False,Sonica/audio/rehearsal archive/20200620/Play_It_20200620.mp3
play it 20200627,Play_It_20200627,,,20200627,294.1346031746032,11767640,mp3,False,False,Sonica/audio/rehearsal archive/20200627/Play_It_20200627.mp3
play it 20200704,Play_It_20200704,,,20200704,287.0703401360544,11485517,mp3,False,False,Sonica/audio/rehearsal archive/20200704/Play_It_20200704.mp3
play it 20200725,Play_It_20200725,,,20200725,265.81172335600905,10634970,mp3,False,False,Sonica/audio/rehearsal archive/20200725/Play_It_20200725.mp3
play it 20200801,Play_It_20200801,,,20200801,286.2556009070295,11453125,mp3,False,False,Sonica/audio/rehearsal archive/20200801/Play_It_20200801.mp3
play it 20200808,Play_It_20200808,,,20200808,291.9484580498866,11680913,mp3,False,False,Sonica/audio/rehearsal archive/20200808/Play_It_20200808.mp3
play it 20200822,Play_It_20200822,,,20200822,302.7944671201814,12114546,mp3,False,False,Sonica/audio/rehearsal archive/20200822/Play_It_20200822.mp3
play it 20200822,Play_It_20200822,,,,302.7944671201814,12114546,mp3,False,False,Sonica/audio/rehearsal archive/parked/Play_It_20200822.mp3
play it 20200831,Play_It_20200831,,,,281.18625850340135,11250415,mp3,False,False,Sonica/audio/rehearsal archive/20200831 - HeyMuzo Session/Play_It_20200831.mp3
play it 20200912,Play_It_20200912,,,20200912,290.48526077097506,11622399,mp3,False,False,Sonica/audio/rehearsal archive/20200912/Play_It_20200912.mp3
play it 20201010 01,Play_It_20201010_01,,,20201010,294.98263038548754,11802121,mp3,False,False,Sonica/audio/rehearsal archive/20201010/Play_It_20201010_01.mp3
play it 20201010 02,Play_It_20201010_02,,,20201010,286.1215192743764,11447901,mp3,False,False,Sonica/audio/rehearsal archive/20201010/Play_It_20201010_02.mp3
play it 20201014,Play_It_20201014_(MOJOs),,,,309.0854875283447,12366366,mp3,False,False,Sonica/audio/rehearsal archive/20201014 (Mojos)/Play_It_20201014_(MOJOs).mp3
play it 20201017,Play_It_20201017,,,20201017,295.4654195011338,11820929,mp3,False,False,Sonica/audio/rehearsal archive/20201017/Play_It_20201017.mp3
play it 20201022 camfield,Play_It_20201022_camfield,,,,301.18804988662134,12049762,mp3,False,False,Sonica/audio/rehearsal archive/20201022 (Camfield)/Play_It_20201022_camfield.mp3
play it 20201107,Play_It_20201107,,,20201107,313.7163492063492,12551313,mp3,False,False,Sonica/audio/rehearsal archive/20201107/Play_It_20201107.mp3
play it 20201202,Play_it_(JAM)_20201202,,,20201202,746.0502947845805,29844374,mp3,False,False,Sonica/audio/rehearsal archive/20201202/Play_it_(JAM)_20201202.mp3
play it 20201202,Play_it_(cut_together)_20201202,,,20201202,182.990589569161,7322644,mp3,False,False,Sonica/audio/rehearsal archive/20201202/Play_it_(cut_together)_20201202.mp3
play it 20210210,play_it_20210210,,,20210210,392.6366213151928,15707950,mp3,False,False,Sonica/audio/rehearsal archive/20210210/play_it_20210210.mp3
play it 20210225,play_it_20210225,,,20210225,135.14244897959185,5408391,mp3,False,False,Sonica/audio/rehearsal archive/20210225/play_it_20210225.mp3
play it 20210303,play_it_20210303,,,20210303,384.133492063492,15368358,mp3,False,False,Sonica/audio/rehearsal archive/20210303/play_it_20210303.mp3
play it 20210308,play_it_20210308,,,20210308,304.8517233560091,12197093,mp3,False,False,Sonica/audio/rehearsal archive/20210308/play_it_20210308.mp3
play it 20210317,play_it_20210317,,,20210317,446.35102040816327,17856260,mp3,False,False,Sonica/audio/rehearsal archive/20210317/play_it_20210317.mp3
play it 20210324,play_it_20210324,,,20210324,326.3950113378685,13058088,mp3,False,False,Sonica/audio/rehearsal archive/20210324/play_it_20210324.mp3
play it 20210331,play_it_20210331,,,20210331,468.9774376417234,18762186,mp3,False,False,Sonica/audio/rehearsal archive/20210331/play_it_20210331.mp3
play it 20210408,play_it_20210408,,,20210408,491.66791383219953,19669158,mp3,False,False,Sonica/audio/rehearsal archive/20210408/play_it_20210408.mp3
play it 20210414,play_it_20210414,,,20210414,491.0762585034013,19646170,mp3,False,False,Sonica/audio/rehearsal archive/20210414/play_it_20210414.mp3
play it 20210422,play_it_20210422,,,20210422,656.8580725623583,26277093,mp3,False,False,Sonica/audio/rehearsal archive/20210422/play_it_20210422.mp3
play it 20210512,play_it_20210512,,,20210512,473.493537414966,18941909,mp3,False,False,Sonica/audio/rehearsal archive/20210512/play_it_20210512.mp3
play it 20210526,play_it_20210526,,,20210526,426.8837641723356,17077811,mp3,False,False,Sonica/audio/rehearsal archive/20210526/play_it_20210526.mp3
play it 20210609,play_it_20210609,,,20210609,344.90467120181404,13798921,mp3,False,False,Sonica/audio/rehearsal archive/20210609/play_it_20210609.mp3
play it 20210623,play_it_20210623,,,20210623,400.38367346938776,16018284,mp3,False,False,Sonica/audio/rehearsal archive/20210623/play_it_20210623.mp3
play it 20210707,play_it_20210707,,,20210707,405.3428571428572,16216815,mp3,False,False,Sonica/audio/rehearsal archive/20210707/play_it_20210707.mp3
play it 20210722,play_it_20210722,,,20210722,382.84297052154193,15316113,mp3,False,False,Sonica/audio/rehearsal archive/20210722/play_it_20210722.mp3
play it 20210722,play_it_20210722,,,20210724,377.2022448979592,15090415,mp3,False,False,Sonica/audio/rehearsal archive/20210724/play_it_20210722.mp3
play it 20210805,play_it_20210805,,,20210805,378.0652154195012,15124897,mp3,False,False,Sonica/audio/rehearsal archive/20210805/play_it_20210805.mp3
play it 20210812,play_it_20210812,,,20210812,461.1145351473923,18447672,mp3,False,False,Sonica/audio/rehearsal archive/20210812/play_it_20210812.mp3
play it 20210831,play_it_20210831,,,20210831,383.1514739229025,15328652,mp3,False,False,Sonica/audio/rehearsal archive/20210831/play_it_20210831.mp3
play it 20210914,play_it_20210914,,,20210914,398.70585034013607,15950366,mp3,False,False,Sonica/audio/rehearsal archive/20210914/play_it_20210914.mp3
play it 20211006,play_it_20211006,,,20211006,341.35761904761904,13656815,mp3,False,False,Sonica/audio/rehearsal archive/20211006/play_it_20211006.mp3
play it 20211101,play_it_20211101,,,20211101,381.94727891156464,15280586,mp3,False,False,Sonica/audio/rehearsal archive/20211101/play_it_20211101.mp3
play it 20230329,play_it_20230329,,,20230329,449.9054648526077,17998366,mp3,False,False,Sonica/audio/rehearsal archive/20230329/play_it_20230329.mp3
play it 20230405,play_it_20230405,,,20230405,397.8631519274376,15916929,mp3,False,False,Sonica/audio/rehearsal archive/20230405/play_it_20230405.mp3
play it 20230419,play_it_20230419,,,20230419,436.062,17442480,mp3,False,False,Sonica/audio/rehearsal archive/20230419/play_it_20230419.mp3
playit 20220928,playit_20220928,,,20220928,378.9466213151928,15160423,mp3,False,False,Sonica/audio/rehearsal archive/20220928/playit_20220928.mp3
playit 20221005,playit_20221005,,,20221005,378.3292063492064,15135346,mp3,False,False,Sonica/audio/rehearsal archive/20221005/playit_20221005.mp3
proj003 starlight,PROJ003 - Starlight,,,20190720,405.73925,9737742,mp3,False,False,Sonica/audio/rehearsal archive/20190720/multitrack/PROJ003 - Starlight - multitrack/PROJ003 - Starlight.mp3
revolution 20191019,Revolution_v1_20191019,1.0,,20191019,223.5,8942235,mp3,False,False,Sonica/audio/rehearsal archive/20191019/Revolution_v1_20191019.mp3
revolution 20191019,Revolution_v1_20191019,1.0,,,223.5,8942235,mp3,False,False,Sonica/audio/rehearsal archive/parked/Revolution_v1_20191019.mp3
run away 20191102,Run_away_20191102,,,20191102,295.0,11802121,mp3,False,False,Sonica/audio/rehearsal archive/20191102/Run_away_20191102.mp3
run away 20191109,Run_Away_20191109,,,20191109,317.4237641723356,12699805,mp3,False,False,Sonica/audio/rehearsal archive/20191109/Run_Away_20191109.mp3
run away 20191116,Run_Away_20191116,,,20191116,287.5559183673469,11504325,mp3,False,False,Sonica/audio/rehearsal archive/20191116/Run_Away_20191116.mp3
run away 20200215,run_away_20200215,,,20200215,301.2361904761905,12051879,mp3,False,False,Sonica/audio/rehearsal archive/20200215/run_away_20200215.mp3
runaway 20190928,Runaway_v5_20190928,5.0,,20190928,346.0,13842807,mp3,False,False,Sonica/audio/rehearsal archive/20190928/Runaway_v5_20190928.mp3
runaway 20191019,Runaway_v6_20191019,6.0,,20191019,296.0,11842872,mp3,False,False,Sonica/audio/rehearsal archive/20191019/Runaway_v6_20191019.mp3
runaway 20191214,Runaway 20191214,,,20191214,278.5,11142791,mp3,False,False,Sonica/audio/rehearsal archive/20191214/Runaway 20191214.mp3
sad news 20230524,sad_news_20230524,,,20230524,384.0522,15362088,mp3,False,False,Sonica/audio/rehearsal archive/20230524/sad_news_20230524.mp3
self loathing 20230329,self_loathing (jam)_20230329,,,20230329,485.0237868480726,19403754,mp3,False,False,Sonica/audio/rehearsal archive/20230329/self_loathing (jam)_20230329.mp3
session 20250312,Session_20250312,,,20250313,,251129580,wav,False,False,Sonica/audio/rehearsal archive/20250313/Session_20250312.wav
sheron alan,Sheron - Alan,,,,300.387375,7209397,mp3,False,False,Sonica/audio/rehearsal archive/working/Sheron - Alan.mp3
snare,snare,,,,,21867248,wav,False,False,Sonica/audio/rehearsal archive/20240601_Clancys_set/snare.wav
soarer baby 20200215,soarer_baby_20200215,,,20200215,261.7873469387755,10474083,mp3,False,False,Sonica/audio/rehearsal archive/20200215/soarer_baby_20200215.mp3
song 01 claire,song_01_(Ocean Blue)_Claire,,,20190831,193.96454166666663,4655279,mp3,False,False,Sonica/audio/rehearsal archive/20190831/song_01_(Ocean Blue)_Claire.mp3
song 01 ocean blue,Song_01_ocean_Blue_v2,2.0,,20190504,181.5516,7266030,mp3,False,False,Sonica/audio/rehearsal archive/20190504/Song_01_ocean_Blue_v2.mp3
song 01 ocean blue,Song_01_ocean_Blue_v3 (Lindsey),3.0,,20190525,156.5478,6266424,mp3,False,False,Sonica/audio/rehearsal archive/20190525/Song_01_ocean_Blue_v3 (Lindsey).mp3
song 02,song_02_v1,1.0,,20190209,357.7266,14313559,mp3,False,False,Sonica/audio/rehearsal archive/20190209/song_02_v1.mp3
song 03,song_03_v1,1.0,,20190209,42.4386,1706001,mp3,False,False,Sonica/audio/rehearsal archive/20190209/song_03_v1.mp3
song 03,song_03_v2,2.0,,20190223,258.5466,10346749,mp3,False,False,Sonica/audio/rehearsal archive/20190223/song_03_v2.mp3
song 03,song_03_v3,3.0,,20190316,257.1633,10291044,mp3,False,False,Sonica/audio/rehearsal archive/20190316/song_03_v3.mp3
song 03,song_03_v4,4.0,,20190330,210.2355,8413932,mp3,False,False,Sonica/audio/rehearsal archive/20190330/other versions/song_03_v4.mp3
song 03,song_03_v5,5.0,,20190330,331.6788,13271664,mp3,False,False,Sonica/audio/rehearsal archive/20190330/song_03_v5.mp3
song 03,song_03_v6,6.0,,20190406,252.7524,10114062,mp3,False,False,Sonica/audio/rehearsal archive/20190406/song_03_v6.mp3
song 03,song_03_v7,7.0,,20190413,270.0567,10806780,mp3,False,False,Sonica/audio/rehearsal archive/20190413/song_03_v7.mp3
song 03,song_03_v8,8.0,,20190427,180.5598,7226904,mp3,False,False,Sonica/audio/rehearsal archive/20190427/song_03_v8.mp3
song 03,song_03_v9,9.0,,20190504,229.1058,9169273,mp3,False,False,Sonica/audio/rehearsal archive/20190504/song_03_v9.mp3
song 03,song_03_v10,10.0,,20190518,234.1692,9371280,mp3,False,False,Sonica/audio/rehearsal archive/20190518/song_03_v10.mp3
song 03,song_03_v11,11.0,,20190525,257.7897,10316100,mp3,False,False,Sonica/audio/rehearsal archive/20190525/song_03_v11.mp3
song 03,song_03_v12,12.0,,20190622,177.9237,7121460,mp3,False,False,Sonica/audio/rehearsal archive/20190622/song_03_v12.mp3
song 03,song_03 (Freedom) _v13,13.0,,20190629,193.96454166666663,4655271,mp3,False,False,Sonica/audio/rehearsal archive/20190629/song_03 (Freedom) _v13.mp3
song 04,song_04_v1,1.0,,20190209,527.1156,21089478,mp3,False,False,Sonica/audio/rehearsal archive/20190209/song_04_v1.mp3
song 04,song_04_v2,2.0,,20190223,379.6767,15191580,mp3,False,False,Sonica/audio/rehearsal archive/20190223/song_04_v2.mp3
song 04,song_04_v3,3.0,,20190316,225.3213,9017364,mp3,False,False,Sonica/audio/rehearsal archive/20190316/song_04_v3.mp3
song 04,song_04_v4-part_i (WIP),4.0,i,20190406,90.3582,3619182,mp3,True,False,Sonica/audio/rehearsal archive/20190406/song_04_v4-part_i (WIP).mp3
song 04,song_04_v4-part_ii (WIP),4.0,ii,20190406,265.4892,10624866,mp3,True,False,Sonica/audio/rehearsal archive/20190406/song_04_v4-part_ii (WIP).mp3
song 04,song_04_v5 (WIP),5.0,,20190413,370.1502,14811306,mp3,True,False,Sonica/audio/rehearsal archive/20190413/song_04_v5 (WIP).mp3
song 04,song_04_v6 (WIP),6.0,,20190427,169.0236,6765456,mp3,True,False,Sonica/audio/rehearsal archive/20190427/song_04_v6 (WIP).mp3
song 04,song_04_v7,7.0,,20190504,292.2156,11693665,mp3,False,False,Sonica/audio/rehearsal archive/20190504/song_04_v7.mp3
song 04,song_04_v8,8.0,,20190518,166.518,6665232,mp3,False,False,Sonica/audio/rehearsal archive/20190518/song_04_v8.mp3
song 04,song_04_v9,9.0,,20190525,159.4188,6381264,mp3,False,False,Sonica/audio/rehearsal archive/20190525/song_04_v9.mp3
song 04,song_04_v10,10.0,,20190608,425.7171,17033725,mp3,False,False,Sonica/audio/rehearsal archive/20190608/song_04_v10.mp3
song 04,song_04_v10,10.0,,,425.6649,17031108,mp3,False,False,Sonica/audio/rehearsal archive/parked/song_04_v10.mp3
song 05,song_05_v1,1.0,,20190209,742.7799,29716033,mp3,False,False,Sonica/audio/rehearsal archive/20190209/song_05_v1.mp3
song 05,song_05_v2,2.0,,20190223,501.9291,20082049,mp3,False,False,Sonica/audio/rehearsal archive/20190223/song_05_v2.mp3
song 05,song_05_v3,3.0,,20190316,523.9836,20963856,mp3,False,False,Sonica/audio/rehearsal archive/20190316/song_05_v3.mp3
song 05,song_05_v4,4.0,,20190330,375.7617,15034980,mp3,False,False,Sonica/audio/rehearsal archive/20190330/other versions/song_05_v4.mp3
song 05,song_05_v5,5.0,,20190330,484.155,19370712,mp3,False,False,Sonica/audio/rehearsal archive/20190330/other versions/song_05_v5.mp3
song 05,song_05_v6,6.0,,20190330,273.267,10935192,mp3,False,False,Sonica/audio/rehearsal archive/20190330/other versions/song_05_v6.mp3
song 05,song_05_v7,7.0,,20190330,221.6934,8872248,mp3,False,False,Sonica/audio/rehearsal archive/20190330/song_05_v7.mp3
song 05,song_05_v8,8.0,,20190406,326.7981,13075890,mp3,False,False,Sonica/audio/rehearsal archive/20190406/song_05_v8.mp3
song 05,song_05_v9,9.0,,20190413,294.5646,11787096,mp3,False,False,Sonica/audio/rehearsal archive/20190413/song_05_v9.mp3
song 05,song_05_v10,10.0,,20190427,320.508,12824832,mp3,False,False,Sonica/audio/rehearsal archive/20190427/song_05_v10.mp3
song 05,song_05_v11,11.0,,20190504,245.3661,9819685,mp3,False,False,Sonica/audio/rehearsal archive/20190504/song_05_v11.mp3
song 05,song_05_v12 (vocal mix),12.0,,20190518,363.1815,14531772,mp3,False,False,Sonica/audio/rehearsal archive/20190518/song_05_v12 (vocal mix).mp3
song 05,song_05_v13 (Lindsey),13.0,,20190525,259.1208,10369344,mp3,False,False,Sonica/audio/rehearsal archive/20190525/song_05_v13 (Lindsey).mp3
song 05,song_05_v14,14.0,,20190608,259.5123,10385533,mp3,False,False,Sonica/audio/rehearsal archive/20190608/song_05_v14.mp3
song 05,song_05_v15,15.0,,20190622,274.7286,10993656,mp3,False,False,Sonica/audio/rehearsal archive/20190622/song_05_v15.mp3
song 05,song_05_(Black Dog)_v17,17.0,,20190831,292.0543333333333,7009434,mp3,False,False,Sonica/audio/rehearsal archive/20190831/song_05_(Black Dog)_v17.mp3
song 07,song_07_v1,1.0,,20190209,579.6027,23198657,mp3,False,False,Sonica/audio/rehearsal archive/20190209/song_07_v1.mp3
song 07,song_07_v2,2.0,,20190223,473.7411,18954156,mp3,False,False,Sonica/audio/rehearsal archive/20190223/song_07_v2.mp3
song 07,song_07_v3,3.0,,20190316,382.2867,15295980,mp3,False,False,Sonica/audio/rehearsal archive/20190316/song_07_v3.mp3
song 07,song_07_v3,3.0,,20190406,382.2867,15295980,mp3,False,False,Sonica/audio/rehearsal archive/20190406/song_07_v3.mp3
song 07,song_07_v4,4.0,,20190413,250.8993,10040484,mp3,False,False,Sonica/audio/rehearsal archive/20190413/song_07_v4.mp3
song 07,song_07_v5,5.0,,20190427,221.1975,8852412,mp3,False,False,Sonica/audio/rehearsal archive/20190427/song_07_v5.mp3
song 07,song_07_v6,6.0,,20190504,224.982,9004321,mp3,False,False,Sonica/audio/rehearsal archive/20190504/song_07_v6.mp3
song 07,song_07_v7,7.0,,20190608,183.9006,7361065,mp3,False,False,Sonica/audio/rehearsal archive/20190608/song_07_v7.mp3
song 07,song_07_v8,8.0,,20190622,250.3251,10017516,mp3,False,False,Sonica/audio/rehearsal archive/20190622/song_07_v8.mp3
song 07,Song_07_(Passengers)_v10,10.0,,20190831,307.64941666666664,7383716,mp3,False,False,Sonica/audio/rehearsal archive/20190831/Song_07_(Passengers)_v10.mp3
song 08,song_08_v1,1.0,,20190209,399.6171,15988992,mp3,False,False,Sonica/audio/rehearsal archive/20190209/song_08_v1.mp3
song 08,song_08_v2,2.0,,20190223,745.9119,29840988,mp3,False,False,Sonica/audio/rehearsal archive/20190223/song_08_v2.mp3
song 08,song_08_v3,3.0,,20190316,424.5948,16988304,mp3,False,False,Sonica/audio/rehearsal archive/20190316/song_08_v3.mp3
song 09,song_09_v1,1.0,,20190223,402.8013,16116937,mp3,False,False,Sonica/audio/rehearsal archive/20190223/song_09_v1.mp3
song 09,song_09_v2,2.0,,20190316,349.74,13994112,mp3,False,False,Sonica/audio/rehearsal archive/20190316/song_09_v2.mp3
song 09,song_09_v3,3.0,,20190330,446.8059,17876748,mp3,False,False,Sonica/audio/rehearsal archive/20190330/song_09_v3.mp3
song 09,song_09_v4,4.0,,20190406,351.2799,14055162,mp3,False,False,Sonica/audio/rehearsal archive/20190406/song_09_v4.mp3
song 09,song_09_v5,5.0,,20190413,336.429,13461672,mp3,False,False,Sonica/audio/rehearsal archive/20190413/song_09_v5.mp3
song 09,song_09_v6,6.0,,20190427,278.5131,11145036,mp3,False,False,Sonica/audio/rehearsal archive/20190427/song_09_v6.mp3
song 09,song_09_v7,7.0,,20190504,345.564,13827072,mp3,False,False,Sonica/audio/rehearsal archive/20190504/song_09_v7.mp3
song 09,song_09_v8,8.0,,20190525,332.9316,13321776,mp3,False,False,Sonica/audio/rehearsal archive/20190525/song_09_v8.mp3
song 09,song_09_v9,9.0,,20190608,299.2626,11975016,mp3,False,False,Sonica/audio/rehearsal archive/20190608/song_09_v9.mp3
song 09,song_09_v10,10.0,,,232.9425,9322212,mp3,False,False,Sonica/audio/rehearsal archive/20190713/song_09_v10.mp3
song 10,song_10_v1,1.0,,20190223,380.9817,15243780,mp3,False,False,Sonica/audio/rehearsal archive/20190223/song_10_v1.mp3
song 10,song_10_v2,2.0,,20190316,536.9031,21480636,mp3,False,False,Sonica/audio/rehearsal archive/20190316/song_10_v2.mp3
song 10,song_10_v2,2.0,,20190406,536.9031,21480636,mp3,False,False,Sonica/audio/rehearsal archive/20190406/song_10_v2.mp3
song 10,song_10_v3,3.0,,20190413,409.2219,16373388,mp3,False,False,Sonica/audio/rehearsal archive/20190413/song_10_v3.mp3
song 10,song_10_v4,4.0,,20190427,393.066,15727152,mp3,False,False,Sonica/audio/rehearsal archive/20190427/song_10_v4.mp3
song 10,song_10_v5,5.0,,20190504,332.5401,13306645,mp3,False,False,Sonica/audio/rehearsal archive/20190504/song_10_v5.mp3
song 10,song_10_v6,6.0,,20190525,327.0591,13086876,mp3,False,False,Sonica/audio/rehearsal archive/20190525/song_10_v6.mp3
song 10,song_10_v7,7.0,,20190608,310.7727,12435420,mp3,False,False,Sonica/audio/rehearsal archive/20190608/song_10_v7.mp3
song 10,song_10_v8,8.0,,20190622,235.0305,9405732,mp3,False,False,Sonica/audio/rehearsal archive/20190622/song_10_v8.mp3
song 10,Song_10 v9,9.0,,20190720,370.0820833333333,8882086,mp3,False,False,Sonica/audio/rehearsal archive/20190720/multitrack/Song_10 v9.mp3
song 10,song_10_v9,9.0,,20190720,358.3269,14337588,mp3,False,False,Sonica/audio/rehearsal archive/20190720/song_10_v9.mp3
song 11,song_11_v1,1.0,,20190223,195.0714,7807368,mp3,False,False,Sonica/audio/rehearsal archive/20190223/song_11_v1.mp3
song 11,song_11_v2,2.0,,20190316,242.9649,9723108,mp3,False,False,Sonica/audio/rehearsal archive/20190316/song_11_v2.mp3
song 11,song_11_v3,3.0,,20190330,305.7876,12236016,mp3,False,False,Sonica/audio/rehearsal archive/20190330/song_11_v3.mp3
song 11,song_11_v4,4.0,,20190406,218.5092,8744707,mp3,False,False,Sonica/audio/rehearsal archive/20190406/song_11_v4.mp3
song 11,song_11_v5,5.0,,20190413,219.7359,8793948,mp3,False,False,Sonica/audio/rehearsal archive/20190413/song_11_v5.mp3
song 11,song_11_v6,6.0,,20190427,248.2371,9933996,mp3,False,False,Sonica/audio/rehearsal archive/20190427/song_11_v6.mp3
song 11,song_11_v7,7.0,,20190504,259.6428,10390224,mp3,False,False,Sonica/audio/rehearsal archive/20190504/song_11_v7.mp3
song 11,song_11_v8,8.0,,20190608,428.7708,17155873,mp3,False,False,Sonica/audio/rehearsal archive/20190608/song_11_v8.mp3
song 11,Song_11 v9,9.0,,20190720,421.33433333333335,10112140,mp3,False,False,Sonica/audio/rehearsal archive/20190720/multitrack/Song_11 v9.mp3
song 11,song_11_v9,9.0,,20190720,409.7961,16396356,mp3,False,False,Sonica/audio/rehearsal archive/20190720/song_11_v9.mp3
song 11,song_11_v8,8.0,,,428.7186,17153256,mp3,False,False,Sonica/audio/rehearsal archive/parked/song_11_v8.mp3
song 12,song_12_v1,1.0,,20190316,224.3295,8977692,mp3,False,False,Sonica/audio/rehearsal archive/20190316/song_12_v1.mp3
song 12,song_12_v1,1.0,,20190406,224.3295,8977692,mp3,False,False,Sonica/audio/rehearsal archive/20190406/song_12_v1.mp3
song 12,song_12_v2,2.0,,20190413,338.4909,13544148,mp3,False,False,Sonica/audio/rehearsal archive/20190413/song_12_v2.mp3
song 12,song_12_v3,3.0,,20190427,292.2678,11695224,mp3,False,False,Sonica/audio/rehearsal archive/20190427/song_12_v3.mp3
song 12,song_12_v4,4.0,,20190504,358.5096,14344896,mp3,False,False,Sonica/audio/rehearsal archive/20190504/song_12_v4.mp3
song 12,song_12_v4,4.0,,,358.5096,14344896,mp3,False,False,Sonica/audio/rehearsal archive/parked/song_12_v4.mp3
song 13,song_13_v1,1.0,,20190316,326.1978,13052797,mp3,False,False,Sonica/audio/rehearsal archive/20190316/song_13_v1.mp3
song 13,song_13_v2,2.0,,20190330,283.2372,11334000,mp3,False,False,Sonica/audio/rehearsal archive/20190330/song_13_v2.mp3
song 13,song_13_v3,3.0,,20190406,257.2677,10294674,mp3,False,False,Sonica/audio/rehearsal archive/20190406/song_13_v3.mp3
song 13,song_13_v4,4.0,,20190413,237.3795,9499692,mp3,False,False,Sonica/audio/rehearsal archive/20190413/song_13_v4.mp3
song 13,song_13_v5,5.0,,20190427,281.6451,11270316,mp3,False,False,Sonica/audio/rehearsal archive/20190427/song_13_v5.mp3
song 13,song_13_v6,6.0,,20190504,234.1431,9370230,mp3,False,False,Sonica/audio/rehearsal archive/20190504/song_13_v6.mp3
song 13,song_13_v7,7.0,,20190608,261.9918,10484713,mp3,False,False,Sonica/audio/rehearsal archive/20190608/song_13_v7.mp3
song 13,song_13_v8,8.0,,20190622,264.9411,10602156,mp3,False,False,Sonica/audio/rehearsal archive/20190622/song_13_v8.mp3
song 13,song_13_(Your Place)_v9,9.0,,20190629,285.367,6848930,mp3,False,False,Sonica/audio/rehearsal archive/20190629/song_13_(Your Place)_v9.mp3
song 14,song_14_v0,0.0,,20190330,49.0158,1965144,mp3,False,False,Sonica/audio/rehearsal archive/20190330/song_14_v0.mp3
song 14,song_14_v1,1.0,,20190330,40.128,1609706,mp3,False,False,Sonica/audio/rehearsal archive/20190330/song_14_v1.mp3
song 14,song_14_v2,2.0,,20190406,198.2556,7934190,mp3,False,False,Sonica/audio/rehearsal archive/20190406/song_14_v2.mp3
song 14,song_14_v3,3.0,,20190413,172.6254,6909528,mp3,False,False,Sonica/audio/rehearsal archive/20190413/song_14_v3.mp3
song 14,song_14_v4,4.0,,20190427,231.2982,9256440,mp3,False,False,Sonica/audio/rehearsal archive/20190427/song_14_v4.mp3
song 14,song_14_v5,5.0,,20190504,221.6412,8870160,mp3,False,False,Sonica/audio/rehearsal archive/20190504/song_14_v5.mp3
song 14,song_14_v6,6.0,,20190608,174.3219,6977917,mp3,False,False,Sonica/audio/rehearsal archive/20190608/song_14_v6.mp3
song 14,song_14_v7,7.0,,,246.0708,9847344,mp3,False,False,Sonica/audio/rehearsal archive/20190713/song_14_v7.mp3
song 15,song_15_v1 (WIP),1.0,,20190406,84.2769,3375042,mp3,True,False,Sonica/audio/rehearsal archive/20190406/song_15_v1 (WIP).mp3
song 15,song_15_v2 (WIP),2.0,,20190413,188.5464,7546368,mp3,True,False,Sonica/audio/rehearsal archive/20190413/song_15_v2 (WIP).mp3
song 15,song_15_v3 (WIP),3.0,,20190427,104.4261,4181556,mp3,True,False,Sonica/audio/rehearsal archive/20190427/song_15_v3 (WIP).mp3
song 15,song_15_v4,4.0,,20190504,410.5008,16424544,mp3,False,False,Sonica/audio/rehearsal archive/20190504/song_15_v4.mp3
song 15,song_15_v5 (workings),5.0,,20190518,580.0986,23208456,mp3,False,False,Sonica/audio/rehearsal archive/20190518/song_15_v5 (workings).mp3
song 15,song_15_v6,6.0,,20190525,339.4305,13581732,mp3,False,False,Sonica/audio/rehearsal archive/20190525/song_15_v6.mp3
song 15,song_15_v7,7.0,,20190608,479.457,19183321,mp3,False,False,Sonica/audio/rehearsal archive/20190608/song_15_v7.mp3
song 15,song_15_v8,8.0,,,311.373,12459432,mp3,False,False,Sonica/audio/rehearsal archive/20190713/song_15_v8.mp3
song 15,song_15_(Tiannmen)_v9,9.0,,,318.80370833333336,7651405,mp3,False,False,Sonica/audio/rehearsal archive/20190713/song_15_(Tiannmen)_v9.mp3
song 16,song_16_v1 (WIP),1.0,,20190413,180.4554,7222728,mp3,True,False,Sonica/audio/rehearsal archive/20190413/song_16_v1 (WIP).mp3
song 16,song_16_v2,2.0,,20190427,137.3904,5500128,mp3,False,False,Sonica/audio/rehearsal archive/20190427/song_16_v2.mp3
song 16,song_16_v3,3.0,,20190504,388.5246,15546025,mp3,False,False,Sonica/audio/rehearsal archive/20190504/song_16_v3.mp3
song 16,song_16_v4,4.0,,20190518,260.478,10423632,mp3,False,False,Sonica/audio/rehearsal archive/20190518/song_16_v4.mp3
song 16,song_16_v5,5.0,,20190525,315.3402,12618490,mp3,False,False,Sonica/audio/rehearsal archive/20190525/song_16_v5.mp3
song 16,song_16_v6,6.0,,,310.9815,12443772,mp3,False,False,Sonica/audio/rehearsal archive/20190713/song_16_v6.mp3
song 17,song_17_v1 (Sunburst Finish),1.0,,20190427,145.7946,5836296,mp3,False,False,Sonica/audio/rehearsal archive/20190427/song_17_v1 (Sunburst Finish).mp3
song 17,song_17_v2 (Sunburst Finish),2.0,,20190504,153.0243,6125484,mp3,False,False,Sonica/audio/rehearsal archive/20190504/song_17_v2 (Sunburst Finish).mp3
song 17,song_17_v3 (Sunburst Finish),3.0,,20190518,216.9954,8684328,mp3,False,False,Sonica/audio/rehearsal archive/20190518/song_17_v3 (Sunburst Finish).mp3
song 17,song_17_v4 (Sunburst Finish),4.0,,20190525,170.3025,6816982,mp3,False,False,Sonica/audio/rehearsal archive/20190525/song_17_v4 (Sunburst Finish).mp3
song 17,song_17_v5 (Sunburst Finish),5.0,,20190608,214.6203,8590382,mp3,False,False,Sonica/audio/rehearsal archive/20190608/song_17_v5 (Sunburst Finish).mp3
song 17,song_17_v6,6.0,,,277.6518,11110957,mp3,False,False,Sonica/audio/rehearsal archive/20190713/song_17_v6.mp3
song 18,song_18_v1 (Curves),1.0,,20190427,254.5794,10187688,mp3,False,False,Sonica/audio/rehearsal archive/20190427/song_18_v1 (Curves).mp3
song 18,song_18_v2 (Curves),2.0,,20190504,239.3109,9576948,mp3,False,False,Sonica/audio/rehearsal archive/20190504/song_18_v2 (Curves).mp3
song 18,song_18_v3 (Curves),3.0,,20190518,294.0426,11766201,mp3,False,False,Sonica/audio/rehearsal archive/20190518/song_18_v3 (Curves).mp3
song 18,song_18_v4 (Curves),4.0,,20190525,255.5712,10227730,mp3,False,False,Sonica/audio/rehearsal archive/20190525/song_18_v4 (Curves).mp3
song 18,song_18_v5 (Curves),5.0,,20190608,115.8318,4638313,mp3,False,False,Sonica/audio/rehearsal archive/20190608/song_18_v5 (Curves).mp3
song 18,song_18_v6,6.0,,20190622,224.1207,8969340,mp3,False,False,Sonica/audio/rehearsal archive/20190622/song_18_v6.mp3
song 18,song_18_(I Believe - A)_v8,8.0,,20190831,271.9922916666667,6527951,mp3,False,False,Sonica/audio/rehearsal archive/20190831/song_18_(I Believe - A)_v8.mp3
song 19,song_19_v1,1.0,,20190504,274.6503,10990524,mp3,False,False,Sonica/audio/rehearsal archive/20190504/song_19_v1.mp3
song 19,song_19_v2 (workings),2.0,,20190518,789.4728,31583766,mp3,False,False,Sonica/audio/rehearsal archive/20190518/song_19_v2 (workings).mp3
song 19,song_19_v2 (workings),2.0,,,789.4728,31583766,mp3,False,False,Sonica/audio/rehearsal archive/parked/song_19_v2 (workings).mp3
song 20,song_20_v1 (Soarer baby),1.0,,20190504,284.5944,11388288,mp3,False,False,Sonica/audio/rehearsal archive/20190504/song_20_v1 (Soarer baby).mp3
song 20,song_20_v2 (Soarer baby),2.0,,20190518,263.8971,10560396,mp3,False,False,Sonica/audio/rehearsal archive/20190518/song_20_v2 (Soarer baby).mp3
song 20,song_20_v3 (Soarer baby),3.0,,20190608,219.3183,8777617,mp3,False,False,Sonica/audio/rehearsal archive/20190608/song_20_v3 (Soarer baby).mp3
song 20,Song_20 v4,4.0,,20190720,399.051875,9577361,mp3,False,False,Sonica/audio/rehearsal archive/20190720/multitrack/Song_20 v4.mp3
song 20,song_20_v4 (Soarer baby),4.0,,20190720,389.0988,15568464,mp3,False,False,Sonica/audio/rehearsal archive/20190720/song_20_v4 (Soarer baby).mp3
song 21,song_21_v1,1.0,,20190504,323.2224,12933408,mp3,False,False,Sonica/audio/rehearsal archive/20190504/song_21_v1.mp3
song 21,song_21_v2,2.0,,20190518,421.3062,16856760,mp3,False,False,Sonica/audio/rehearsal archive/20190518/song_21_v2.mp3
song 21,song_21_v2 (Isaak),2.0,,20190525,361.1718,14451757,mp3,False,False,Sonica/audio/rehearsal archive/20190525/song_21_v2 (Isaak).mp3
song 21,song_21_v4 (Isaak),4.0,,20190608,247.7151,9913645,mp3,False,False,Sonica/audio/rehearsal archive/20190608/song_21_v4 (Isaak).mp3
song 21,Song_21 v5,5.0,,20190720,399.051875,9577361,mp3,False,False,Sonica/audio/rehearsal archive/20190720/multitrack/Song_21 v5.mp3
song 21,song_21_v5 (Run Away),5.0,,20190720,304.7436,12194256,mp3,False,False,Sonica/audio/rehearsal archive/20190720/song_21_v5 (Run Away).mp3
song 22,song_22_v1 (last jam),1.0,,20190504,245.601,9828552,mp3,False,False,Sonica/audio/rehearsal archive/20190504/song_22_v1 (last jam).mp3
song 23,song_23_v1,1.0,,20190518,180.1422,7210200,mp3,False,False,Sonica/audio/rehearsal archive/20190518/song_23_v1.mp3
song 24,song_24_v1,1.0,,20190518,407.3166,16297161,mp3,False,False,Sonica/audio/rehearsal archive/20190518/song_24_v1.mp3
song 24,song_24_v2,2.0,,20190525,475.4376,19022016,mp3,False,False,Sonica/audio/rehearsal archive/20190525/song_24_v2.mp3
song 24,song_24_v2,2.0,,,475.4376,19022016,mp3,False,False,Sonica/audio/rehearsal archive/parked/song_24_v2.mp3
song 25,song_25_v1,1.0,,20190518,203.0319,8125782,mp3,False,False,Sonica/audio/rehearsal archive/20190518/song_25_v1.mp3
song 25,song_25_v2,2.0,,20190525,382.365,15299112,mp3,False,False,Sonica/audio/rehearsal archive/20190525/song_25_v2.mp3
song 25,song_25_v2,2.0,,,382.365,15299112,mp3,False,False,Sonica/audio/rehearsal archive/parked/song_25_v2.mp3
song 26,song_26_v1,1.0,,20190518,82.8153,3317124,mp3,False,False,Sonica/audio/rehearsal archive/20190518/song_26_v1.mp3
song 26,song_26_v1,1.0,,,82.8153,3317124,mp3,False,False,Sonica/audio/rehearsal archive/parked/song_26_v1.mp3
song 27,song_27_v01,1.0,,20190608,114.579,4588201,mp3,False,False,Sonica/audio/rehearsal archive/20190608/song_27_v01.mp3
song 27,Song_27 v2,2.0,,20190720,265.30495833333333,6367435,mp3,False,False,Sonica/audio/rehearsal archive/20190720/multitrack/Song_27 v2.mp3
song 27,song_27_v02,2.0,,20190720,257.1633,10291044,mp3,False,False,Sonica/audio/rehearsal archive/20190720/song_27_v02.mp3
song 28,song_28_v01 (starlight),1.0,,,285.367,6848808,mp3,False,False,Sonica/audio/rehearsal archive/parked/song_28_v01 (starlight).mp3
song 28,song_28_(Starlight)_v2,2.0,,,396.85225,7939178,mp3,False,False,Sonica/audio/rehearsal archive/parked/song_28_(Starlight)_v2.mp3
song 29,song_29_(oceans apart)_v0,0.0,,,428.02166666666665,10272624,mp3,False,False,Sonica/audio/rehearsal archive/parked/song_29_(oceans apart)_v0.mp3
songx,SongX,,,20220427,94.70714285714286,3790888,mp3,False,False,Sonica/audio/rehearsal archive/20220427/SongX.mp3
starlight alan,Starlight - Alan,,,,405.73925,9737742,mp3,False,False,Sonica/audio/rehearsal archive/working/Starlight - Alan.mp3
sway 20230628,sway_20230628,,,20230628,251.1412,10045648,mp3,False,False,Sonica/audio/rehearsal archive/20230628/sway_20230628.mp3
the same song 20230215,the_same_song_20230215,,,20230215,323.7113605442177,12951509,mp3,False,False,Sonica/audio/rehearsal archive/20230215/the_same_song_20230215.mp3
tiananmen minus vocals mp3,Tiananmen - minus vocals MP3,,,,318.80370833333336,7651425,mp3,False,False,Sonica/audio/rehearsal archive/parked/Tiananmen - minus vocals MP3.mp3
tianenmen 20191116,Tianenmen_20191116,,,20191116,269.7229931972789,10791705,mp3,False,False,Sonica/audio/rehearsal archive/20191116/Tianenmen_20191116.mp3
tiannmen 20190914,Tiannmen_v01_20190914,1.0,,20190914,266.0,10642284,mp3,False,False,Sonica/audio/rehearsal archive/20190914/Tiannmen_v01_20190914.mp3
tiannmen 20191102,Tiannmen_20191102_v2,2.0,,20191102,262.5,10502268,mp3,False,False,Sonica/audio/rehearsal archive/20191102/Tiannmen_20191102_v2.mp3
tiannmen 20191102,Tiannmen_20191102,,,20191102,262.5,10502268,mp3,False,False,Sonica/audio/rehearsal archive/20191102/Tiannmen_20191102.mp3
tiannmen 20200801,Tiannmen (Jam)_20200801,,,20200801,502.2940589569161,20094431,mp3,False,False,Sonica/audio/rehearsal archive/20200801/Tiannmen (Jam)_20200801.mp3
tiannmen 20200801,Tiannmen (JAM)_20200801,,,,502.2940589569161,20094431,mp3,False,False,Sonica/audio/rehearsal archive/parked/Tiannmen (JAM)_20200801.mp3
toms,toms,,,,,21867248,wav,False,False,Sonica/audio/rehearsal archive/20240601_Clancys_set/toms.wav
track01,TRACK01,,,20250319,,368876942,wav,False,False,Sonica/audio/rehearsal archive/20250319/guitars/March_whole_session/TRACK01.WAV
track02,TRACK02,,,20250319,,368876942,wav,False,False,Sonica/audio/rehearsal archive/20250319/guitars/March_whole_session/TRACK02.WAV
track04,TRACK04,,,,,21867252,wav,False,False,Sonica/audio/rehearsal archive/20240601_Clancys_set/TRACK04.wav
trashy ap,Trashy -AP(Demo+Bass),,,,290.2204081632653,11609905,mp3,False,False,Sonica/audio/rehearsal archive/working/Trashy -AP(Demo+Bass).mp3
try,Try,,,20230621,292.4373922902494,11699721,mp3,False,False,Sonica/audio/rehearsal archive/20230621/Try.mp3
try 20200502,Try_20200502,,,20200502,160.95480725623582,6440750,mp3,False,False,Sonica/audio/rehearsal archive/20200502/Try_20200502.mp3
try 20200516,Try_20200516,,,20200516,260.44727891156464,10420766,mp3,False,False,Sonica/audio/rehearsal archive/20200516/Try_20200516.mp3
try 20200523,Try_20200523,,,20200523,277.1600680272109,11089501,mp3,False,False,Sonica/audio/rehearsal archive/20200523/Try_20200523.mp3
try 20200606,Try_20200606,,,20200606,290.1599546485261,11608815,mp3,False,False,Sonica/audio/rehearsal archive/20200606/Try_20200606.mp3
try 20200620,Try_20200620,,,20200620,262.92480725623585,10520031,mp3,False,False,Sonica/audio/rehearsal archive/20200620/Try_20200620.mp3
try 20200627,Try_20200627,,,20200627,248.34514739229024,9935933,mp3,False,False,Sonica/audio/rehearsal archive/20200627/Try_20200627.mp3
try 20200704,Try_20200704,,,20200704,260.26249433106574,10413452,mp3,False,False,Sonica/audio/rehearsal archive/20200704/Try_20200704.mp3
try 20200725,Try_20200725,,,20200725,269.33943310657594,10776031,mp3,False,False,Sonica/audio/rehearsal archive/20200725/Try_20200725.mp3
try 20200801,Try_20200801,,,20200801,289.5362131519274,11583737,mp3,False,False,Sonica/audio/rehearsal archive/20200801/Try_20200801.mp3
try 20200808,Try_20200808,,,20200808,256.0469160997732,10244178,mp3,False,False,Sonica/audio/rehearsal archive/20200808/Try_20200808.mp3
try 20200822,Try_20200822,,,20200822,272.0392970521542,10884701,mp3,False,False,Sonica/audio/rehearsal archive/20200822/Try_20200822.mp3
try 20200912,Try_20200912,,,20200912,284.20360544217687,11370578,mp3,False,False,Sonica/audio/rehearsal archive/20200912/Try_20200912.mp3
try 20201010 01,Try_20201010_01,,,20201010,270.69968253968256,10830366,mp3,False,False,Sonica/audio/rehearsal archive/20201010/Try_20201010_01.mp3
try 20201010 02,Try_20201010_02,,,20201010,271.99163265306123,10882611,mp3,False,False,Sonica/audio/rehearsal archive/20201010/Try_20201010_02.mp3
try 20201017,Try_20201017,,,20201017,269.30031746031744,10774986,mp3,False,False,Sonica/audio/rehearsal archive/20201017/Try_20201017.mp3
try 20201104 rosemount,Try_20201104_rosemount,,,,282.0406575963719,11283852,mp3,False,False,Sonica/audio/rehearsal archive/20201104 (Rosemount)/Try_20201104_rosemount.mp3
try 20201107,Try_20201107,,,20201107,306.5034013605442,12262921,mp3,False,False,Sonica/audio/rehearsal archive/20201107/Try_20201107.mp3
try 20201125,Try_20201125,,,20201125,267.85902494331066,10716472,mp3,False,False,Sonica/audio/rehearsal archive/20201125/Try_20201125.mp3
try 20201202,Try_20201202,,,20201202,279.07360544217687,11165778,mp3,False,False,Sonica/audio/rehearsal archive/20201202/Try_20201202.mp3
try 20201219,Try_20201219,,,20201219,278.1750566893424,11129207,mp3,False,False,Sonica/audio/rehearsal archive/20201219/Try_20201219.mp3
try 202100902,Try_202100902,,,,282.67285714285714,11309974,mp3,False,False,Sonica/audio/rehearsal archive/20210902 - Convenients/Try_202100902.mp3
try 20210113,Try_20210113,,,20210113,297.15183673469386,11888848,mp3,False,False,Sonica/audio/rehearsal archive/20210113/Try_20210113.mp3
try 20210116,Try_20210116,,,20210116,283.0951700680272,11326693,mp3,False,False,Sonica/audio/rehearsal archive/20210116/Try_20210116.mp3
try 20210120,Try_20210120,,,20210120,277.9192970521542,11119803,mp3,False,False,Sonica/audio/rehearsal archive/20210120/Try_20210120.mp3
try 20210210,Try_20210210,,,20210210,275.55238095238093,11024717,mp3,False,False,Sonica/audio/rehearsal archive/20210210/Try_20210210.mp3
try 20210217,Try_20210217,,,,291.3746485260771,11657925,mp3,False,False,Sonica/audio/rehearsal archive/20210217 (Beaconsfield)/Try_20210217.mp3
try 20210225,Try_20210225,,,20210225,312.75725623582764,12512652,mp3,False,False,Sonica/audio/rehearsal archive/20210225/Try_20210225.mp3
try 20210303,Try_20210303,,,20210303,303.999387755102,12162611,mp3,False,False,Sonica/audio/rehearsal archive/20210303/Try_20210303.mp3
try 20210308,Try_20210308,,,20210308,317.05433106575964,12685060,mp3,False,False,Sonica/audio/rehearsal archive/20210308/Try_20210308.mp3
try 20210313,Try_20210313,,,,304.6505215419501,12188733,mp3,False,False,Sonica/audio/rehearsal archive/20210313 (Badlands)/Try_20210313.mp3
try 20210317,Try_20210317,,,20210317,324.9544897959184,13000619,mp3,False,False,Sonica/audio/rehearsal archive/20210317/Try_20210317.mp3
try 20210321,Try_20210321,,,,294.6924036281179,11790627,mp3,False,False,Sonica/audio/rehearsal archive/20210321 (The Baltimore)/Try_20210321.mp3
try 20210331,Try_20210331,,,20210331,278.16680272108846,11129207,mp3,False,False,Sonica/audio/rehearsal archive/20210331/Try_20210331.mp3
try 20210408,Try_20210408,,,20210408,305.18063492063493,12209631,mp3,False,False,Sonica/audio/rehearsal archive/20210408/Try_20210408.mp3
try 20210414,Try_20210414,,,20210414,272.08408163265307,10885746,mp3,False,False,Sonica/audio/rehearsal archive/20210414/Try_20210414.mp3
try 20210422,Try_20210422,,,20210422,295.23732426303854,11812570,mp3,False,False,Sonica/audio/rehearsal archive/20210422/Try_20210422.mp3
try 20210512,Try_20210512,,,20210512,279.4465306122449,11180407,mp3,False,False,Sonica/audio/rehearsal archive/20210512/Try_20210512.mp3
try 20210519,Try_20210519,,,,283.8026077097506,11354905,mp3,False,False,Sonica/audio/rehearsal archive/20210519 rosemount/Try_20210519.mp3
try 20210526,Try_20210526,,,20210526,289.52473922902493,11583737,mp3,False,False,Sonica/audio/rehearsal archive/20210526/Try_20210526.mp3
try 20210603,Try_20210603,,,,291.5571655328798,11665240,mp3,False,False,Sonica/audio/rehearsal archive/20210603 - Sonar Room/Try_20210603.mp3
try 20210609,Try_20210609,,,20210609,290.268253968254,11612995,mp3,False,False,Sonica/audio/rehearsal archive/20210609/Try_20210609.mp3
try 20210623,Try_20210623,,,20210623,291.4578004535147,11661060,mp3,False,False,Sonica/audio/rehearsal archive/20210623/Try_20210623.mp3
try 20210707,Try_20210707,,,20210707,295.05120181405897,11804211,mp3,False,False,Sonica/audio/rehearsal archive/20210707/Try_20210707.mp3
try 20210722,Try_20210722,,,20210722,294.47378684807256,11781223,mp3,False,False,Sonica/audio/rehearsal archive/20210722/Try_20210722.mp3
try 20210724,Try_20210724,,,20210724,282.5484126984127,11304750,mp3,False,False,Sonica/audio/rehearsal archive/20210724/Try_20210724.mp3
try 20210731,Try_20210731,,,,286.69274376417235,11469844,mp3,False,False,Sonica/audio/rehearsal archive/20210731 - sonar room/Try_20210731.mp3
try 20210812,Try_20210812,,,20210812,309.4321315192744,12379950,mp3,False,False,Sonica/audio/rehearsal archive/20210812/Try_20210812.mp3
try 20210819,Try_20210819,,,20210819,296.67197278911567,11868995,mp3,False,False,Sonica/audio/rehearsal archive/20210819/Try_20210819.mp3
try 20210824,Try_20210824,,,20210824,286.40891156462584,11459395,mp3,False,False,Sonica/audio/rehearsal archive/20210824/Try_20210824.mp3
try 20210831,Try_20210831,,,20210831,307.2121541950113,12291133,mp3,False,False,Sonica/audio/rehearsal archive/20210831/Try_20210831.mp3
try 20210914,Try_20210914,,,20210914,295.8991156462585,11838693,mp3,False,False,Sonica/audio/rehearsal archive/20210914/Try_20210914.mp3
try 20210928,Try_20210928,,,20210928,303.99478458049884,12162611,mp3,False,False,Sonica/audio/rehearsal archive/20210928/Try_20210928.mp3
try 20211004,Try_20211004,,,,290.55378684807255,11624488,mp3,False,False,Sonica/audio/rehearsal archive/20211004 - Mojos/Try_20211004.mp3
try 20211013,Try_20211013,,,20211013,283.86702947845805,11356995,mp3,False,False,Sonica/audio/rehearsal archive/20211013/Try_20211013.mp3
try 20211026,Try_20211026,,,20211026,298.47002267573697,11941093,mp3,False,False,Sonica/audio/rehearsal archive/20211026/Try_20211026.mp3
try 20211101,Try_20211101,,,20211101,300.0783446712018,12005876,mp3,False,False,Sonica/audio/rehearsal archive/20211101/Try_20211101.mp3
try 20221005,try_20221005,,,20221005,306.3566439909297,12256652,mp3,False,False,Sonica/audio/rehearsal archive/20221005/try_20221005.mp3
try 20230315,try_20230315,,,20230315,302.0696371882086,12085288,mp3,False,False,Sonica/audio/rehearsal archive/20230315/try_20230315.mp3
try 20230405,try_20230405,,,20230405,288.7590929705215,11553435,mp3,False,False,Sonica/audio/rehearsal archive/20230405/try_20230405.mp3
try 20230927,try_20230927,,,20230927,324.45149659863944,12980766,mp3,False,False,Sonica/audio/rehearsal archive/20230927/try_20230927.mp3
try 20231011,try_20231011,,,20231011,298.7065306122449,11950497,mp3,False,False,Sonica/audio/rehearsal archive/20231011/try_20231011.mp3
try 20231101,try_20231101,,,20231101,310.5650113378685,12424880,mp3,False,False,Sonica/audio/rehearsal archive/20231101/try_20231101.mp3
try 20240417,try_20240417,,,20240417,319.4915192743764,12782235,mp3,False,False,Sonica/audio/rehearsal archive/20240417/try_20240417.mp3
try 20240815,try (1)_20240815,,,20240814,,31846390,wav,False,False,Sonica/audio/rehearsal archive/20240814/try (1)_20240815.wav
try 20240815,try (2)_20240815,,,20240814,,28115214,wav,False,False,Sonica/audio/rehearsal archive/20240814/try (2)_20240815.wav
try 20240821,try_20240821,,,20240821,282.5556916099773,11304750,mp3,False,False,Sonica/audio/rehearsal archive/20240821/try_20240821.mp3
try 20240911,try_20240911,,,20240911,,25109972,wav,False,False,Sonica/audio/rehearsal archive/20240911/try_20240911.wav
try 20240918,try_20240918,,,20240918,,52739576,wav,False,False,Sonica/audio/rehearsal archive/20240918/try_20240918.wav
try 20241002,try_20241002,,,20241002,,49734820,wav,False,False,Sonica/audio/rehearsal archive/20241002/try_20241002.wav
try 20241009,try_20241009,,,20241009,,45870148,wav,False,False,Sonica/audio/rehearsal archive/20241009/try_20241009.wav
try 20241023,Try_20241023,,,20241023,,55981980,wav,False,False,Sonica/audio/rehearsal archive/20241023/Try_20241023.wav
try 20241030,Try_20241030,,,20241030,,55062956,wav,False,False,Sonica/audio/rehearsal archive/20241030/Try_20241030.wav
try 20241128,try_20241128,,,20241128,,55552092,wav,False,False,Sonica/audio/rehearsal archive/20241128/try_20241128.wav
try 20241218,try_20241218,,,20241218,,54371440,wav,False,False,Sonica/audio/rehearsal archive/20241218/try_20241218.wav
try 20241218 novox,try_20241218_noVox,,,20241218,,54371440,wav,False,False,Sonica/audio/rehearsal archive/20241218/no vox/try_20241218_noVox.wav
try 20250114,try_20250114,,,20250114,,54385524,wav,False,False,Sonica/audio/rehearsal archive/20250114/try_20250114.wav
try 20250114,try_20250114,,,,,54385524,wav,False,False,Sonica/audio/rehearsal archive/Latest/try_20250114.wav
try 20250211,try_20250211,,,20250211,,50152004,wav,False,False,Sonica/audio/rehearsal archive/20250211/try_20250211.wav
try 20250319,try_20250319,,,20250319,,56013912,wav,False,False,Sonica/audio/rehearsal archive/20250319/try_20250319.wav
try working 20241023,Try_working_(nofx)_20241023,,,20241023,,55981980,wav,False,False,Sonica/audio/rehearsal archive/20241023/Try_working_(nofx)_20241023.wav
unexpected,unexpected,,,20230215,167.0269,6681076,mp3,False,False,Sonica/audio/rehearsal archive/20230215/unexpected.mp3
untitled 01,untitled_01,,,20210331,798.790566893424,31954023,mp3,False,False,Sonica/audio/rehearsal archive/20210331/untitled_01.mp3
vanilla 20221130,vanilla_20221130,,,20221130,482.1885487528345,19289860,mp3,False,False,Sonica/audio/rehearsal archive/20221130/vanilla_20221130.mp3
vanilla scene 20210923,vanilla_scene_20210923,,,20210923,455.74038548752833,18232423,mp3,False,False,Sonica/audio/rehearsal archive/20210923/vanilla_scene_20210923.mp3
vanilla scene alan,Vanilla Scene - Alan,,,,445.8632916666666,10700843,mp3,False,False,Sonica/audio/rehearsal archive/working/Vanilla Scene - Alan.mp3
vox,vox,,,,,21867244,wav,False,False,Sonica/audio/rehearsal archive/20240601_Clancys_set/vox.wav
wait 20230405,wait_20230405,,,20230405,320.5456689342404,12824031,mp3,False,False,Sonica/audio/rehearsal archive/20230405/wait_20230405.mp3
wait 20230405,wait_20230405,,,,320.5456689342404,12824031,mp3,False,False,Sonica/audio/rehearsal archive/Latest/wait_20230405.mp3
wait 20240417,wait_20240417,,,20240417,332.20621315192744,13291101,mp3,False,False,Sonica/audio/rehearsal archive/20240417/wait_20240417.mp3
wait 20240423,wait_20240423,,,20240423,341.47408163265305,13662040,mp3,False,False,Sonica/audio/rehearsal archive/20240423/wait_20240423.mp3
wait for me 20200613,Wait_for_Me_20200613,,,20200613,244.74172335600903,9792782,mp3,False,False,Sonica/audio/rehearsal archive/20200613/Wait_for_Me_20200613.mp3
wait for me 20200620,Wait_for_Me_20200620,,,20200620,245.12696145124715,9807411,mp3,False,False,Sonica/audio/rehearsal archive/20200620/Wait_for_Me_20200620.mp3
wait for me 20200627,Wait_for_Me_20200627,,,20200627,248.1748752834467,9929664,mp3,False,False,Sonica/audio/rehearsal archive/20200627/Wait_for_Me_20200627.mp3
wait for me 20200704,Wait_for_Me_20200704,,,20200704,302.77149659863943,12113501,mp3,False,False,Sonica/audio/rehearsal archive/20200704/Wait_for_Me_20200704.mp3
wait for me 20200725,Wait_for_Me_20200725,,,20200725,313.7236507936508,12551313,mp3,False,False,Sonica/audio/rehearsal archive/20200725/Wait_for_Me_20200725.mp3
wait for me 20200801,Wait_for_Me_20200801,,,20200801,303.91038548752834,12159476,mp3,False,False,Sonica/audio/rehearsal archive/20200801/Wait_for_Me_20200801.mp3
wait for me 20200808,Wait_for_Me_20200808,,,20200808,281.36909297052154,11257729,mp3,False,False,Sonica/audio/rehearsal archive/20200808/Wait_for_Me_20200808.mp3
wait for me 20200822,Wait_for_Me_20200822,,,20200822,270.6402267573696,10828276,mp3,False,False,Sonica/audio/rehearsal archive/20200822/Wait_for_Me_20200822.mp3
wait for me 20200912,Wait_for_Me_20200912,,,20200912,289.073537414966,11565974,mp3,False,False,Sonica/audio/rehearsal archive/20200912/Wait_for_Me_20200912.mp3
wait for me 20201010 01,Wait_for_Me_20201010_01,,,20201010,310.05380952380955,12405027,mp3,False,False,Sonica/audio/rehearsal archive/20201010/Wait_for_Me_20201010_01.mp3
wait for me 20201010 02,Wait_for_Me_20201010_02,,,20201010,311.12181405895694,12447868,mp3,False,False,Sonica/audio/rehearsal archive/20201010/Wait_for_Me_20201010_02.mp3
wait for me 202010122 camfield,Wait_for_Me_202010122_camfield,,,,303.82104308390024,12155297,mp3,False,False,Sonica/audio/rehearsal archive/20201022 (Camfield)/Wait_for_Me_202010122_camfield.mp3
wait for me 20201014,Wait_For_Me_20201014_(MOJOs),,,,303.7581632653061,12153207,mp3,False,False,Sonica/audio/rehearsal archive/20201014 (Mojos)/Wait_For_Me_20201014_(MOJOs).mp3
wait for me 20201017,Wait_for_Me_20201017,,,20201017,296.34639455782315,11856456,mp3,False,False,Sonica/audio/rehearsal archive/20201017/Wait_for_Me_20201017.mp3
wait for me 20201104 rosemount,Wait_for_Me_20201104_rosemount,,,,298.5675510204082,11945272,mp3,False,False,Sonica/audio/rehearsal archive/20201104 (Rosemount)/Wait_for_Me_20201104_rosemount.mp3
wait for me 20201107,Wait_for_Me_20201107,,,20201107,300.6095238095238,12026774,mp3,False,False,Sonica/audio/rehearsal archive/20201107/Wait_for_Me_20201107.mp3
wait for me 20201125,Wait_for_Me_20201125,,,20201125,278.5881859410431,11145925,mp3,False,False,Sonica/audio/rehearsal archive/20201125/Wait_for_Me_20201125.mp3
wait for me 20201202,Wait_for_Me_20201202,,,20201202,305.95226757369613,12240978,mp3,False,False,Sonica/audio/rehearsal archive/20201202/Wait_for_Me_20201202.mp3
wait for me 20201219,Wait_for_Me_20201219,,,20201219,299.0265759637188,11964080,mp3,False,False,Sonica/audio/rehearsal archive/20201219/Wait_for_Me_20201219.mp3
wait for me 20210113,Wait_for_Me_20210113,,,20210113,318.66356009070296,12748799,mp3,False,False,Sonica/audio/rehearsal archive/20210113/Wait_for_Me_20210113.mp3
wait for me 20210116,Wait_for_Me_20210116,,,20210116,312.0056462585034,12482350,mp3,False,False,Sonica/audio/rehearsal archive/20210116/Wait_for_Me_20210116.mp3
wait for me 20210120,Wait_for_Me_20210120,,,20210120,305.4981179138322,12222170,mp3,False,False,Sonica/audio/rehearsal archive/20210120/Wait_for_Me_20210120.mp3
wait for me 20210210,Wait_for_Me_20210210,,,20210210,313.21496598639453,12531460,mp3,False,False,Sonica/audio/rehearsal archive/20210210/Wait_for_Me_20210210.mp3
wait for me 20210217,Wait_for_Me_20210217,,,,312.16517006802724,12489664,mp3,False,False,Sonica/audio/rehearsal archive/20210217 (Beaconsfield)/Wait_for_Me_20210217.mp3
wait for me 20210225,Wait_for_Me_20210225,,,20210225,314.5327437641723,12583705,mp3,False,False,Sonica/audio/rehearsal archive/20210225/Wait_for_Me_20210225.mp3
wait for me 20210303,Wait_for_Me_20210303,,,20210303,310.76385487528347,12433240,mp3,False,False,Sonica/audio/rehearsal archive/20210303/Wait_for_Me_20210303.mp3
wait for me 20210308,Wait_for_Me_20210308,,,20210308,312.945306122449,12519966,mp3,False,False,Sonica/audio/rehearsal archive/20210308/Wait_for_Me_20210308.mp3
wait for me 20210313,Wait_for_Me_20210313,,,,299.10562358276644,11967215,mp3,False,False,Sonica/audio/rehearsal archive/20210313 (Badlands)/Wait_for_Me_20210313.mp3
wait for me 20210317,Wait_for_Me_20210317,,,20210317,303.8981632653061,12158431,mp3,False,False,Sonica/audio/rehearsal archive/20210317/Wait_for_Me_20210317.mp3
wait for me 20210321,Wait_for_Me_20210321,,,,312.90392290249434,12518921,mp3,False,False,Sonica/audio/rehearsal archive/20210321 (The Baltimore)/Wait_for_Me_20210321.mp3
wait for me 20210324,Wait_for_Me_20210324,,,20210324,327.5596598639456,13105109,mp3,False,False,Sonica/audio/rehearsal archive/20210324/Wait_for_Me_20210324.mp3
wait for me 20210331,Wait_for_Me_20210331,,,20210331,297.7523129251701,11912880,mp3,False,False,Sonica/audio/rehearsal archive/20210331/Wait_for_Me_20210331.mp3
wait for me 20210408mp3,Wait_for_Me_20210408mp3,,,20210408,288.67315192743763,11549256,mp3,False,False,Sonica/audio/rehearsal archive/20210408/Wait_for_Me_20210408mp3.mp3
wait for me 20210414,Wait_for_Me_20210414,,,20210414,297.4439909297052,11900342,mp3,False,False,Sonica/audio/rehearsal archive/20210414/Wait_for_Me_20210414.mp3
wait for me 20210422,Wait_for_Me_20210422,,,20210422,314.3256916099773,12575346,mp3,False,False,Sonica/audio/rehearsal archive/20210422/Wait_for_Me_20210422.mp3
wait for me 20210512,Wait_for_Me_20210512,,,20210512,314.1264172335601,12568031,mp3,False,False,Sonica/audio/rehearsal archive/20210512/Wait_for_Me_20210512.mp3
wait for me 20210519,Wait_for_Me_20210519,,,,295.0684580498866,11805256,mp3,False,False,Sonica/audio/rehearsal archive/20210519 rosemount/Wait_for_Me_20210519.mp3
wait for me 20210526,Wait_for_Me_20210526,,,20210526,329.7434467120181,13191835,mp3,False,False,Sonica/audio/rehearsal archive/20210526/Wait_for_Me_20210526.mp3
wait for me 20210603,Wait_for_Me_20210603,,,,305.0634013605442,12205452,mp3,False,False,Sonica/audio/rehearsal archive/20210603 - Sonar Room/Wait_for_Me_20210603.mp3
wait for me 20210609,Wait_for_Me_20210609,,,20210609,328.3197732426304,13135411,mp3,False,False,Sonica/audio/rehearsal archive/20210609/Wait_for_Me_20210609.mp3
wait for me 20210623,Wait_for_Me_20210623,,,20210623,337.2720408163265,13493811,mp3,False,False,Sonica/audio/rehearsal archive/20210623/Wait_for_Me_20210623.mp3
wait for me 20210707,Wait_for_Me_20210707,,,20210707,328.9534013605442,13160488,mp3,False,False,Sonica/audio/rehearsal archive/20210707/Wait_for_Me_20210707.mp3
wait for me 20210722,Wait_for_Me_20210722,,,20210722,328.75689342403626,13153174,mp3,False,False,Sonica/audio/rehearsal archive/20210722/Wait_for_Me_20210722.mp3
wait for me 20210724,Wait_for_Me_20210724,,,20210724,325.1650793650793,13008978,mp3,False,False,Sonica/audio/rehearsal archive/20210724/Wait_for_Me_20210724.mp3
wait for me 20210731,Wait_for_Me_20210731,,,,322.0419727891156,12884635,mp3,False,False,Sonica/audio/rehearsal archive/20210731 - sonar room/Wait_for_Me_20210731.mp3
wait for me 20210824,Wait_for_Me_20210824,,,20210824,327.03979591836736,13084211,mp3,False,False,Sonica/audio/rehearsal archive/20210824/Wait_for_Me_20210824.mp3
wait for me 20210831,Wait_for_Me_20210831,,,20210831,327.19619047619045,13090480,mp3,False,False,Sonica/audio/rehearsal archive/20210831/Wait_for_Me_20210831.mp3
wait for me 20210902,Wait_for_Me_20210902,,,,316.2197505668934,12651623,mp3,False,False,Sonica/audio/rehearsal archive/20210902 - Convenients/Wait_for_Me_20210902.mp3
wait for me 20210914,Wait_for_Me_20210914,,,20210914,375.63242630385486,15027721,mp3,False,False,Sonica/audio/rehearsal archive/20210914/Wait_for_Me_20210914.mp3
wait for me 20210928,Wait_for_Me_20210928,,,20210928,323.661768707483,12949419,mp3,False,False,Sonica/audio/rehearsal archive/20210928/Wait_for_Me_20210928.mp3
wait for me 20211004,Wait_for_Me_20211004,,,,325.1943083900227,13010023,mp3,False,False,Sonica/audio/rehearsal archive/20211004 - Mojos/Wait_for_Me_20211004.mp3
wait for me 20211013,Wait_for_Me_20211013,,,20211013,305.025873015873,12203362,mp3,False,False,Sonica/audio/rehearsal archive/20211013/Wait_for_Me_20211013.mp3
wait for me 20211101,Wait_for_Me_20211101,,,20211101,338.0584807256236,13525158,mp3,False,False,Sonica/audio/rehearsal archive/20211101/Wait_for_Me_20211101.mp3
wait for me edit,Wait For Me_EDIT,,,,,44856624,wav,False,False,Sonica/audio/rehearsal archive/working/Wait For Me_EDIT.wav
wall 20231011,wall_20231011,,,20231011,176.734716553288,7071868,mp3,False,False,Sonica/audio/rehearsal archive/20231011/wall_20231011.mp3
wall 20231101,wall_20231101,,,20231101,179.7489342403628,7193076,mp3,False,False,Sonica/audio/rehearsal archive/20231101/wall_20231101.mp3
wall of sound 20230726,wall_of_sound_20230726,,,20230726,142.5763,5703052,mp3,False,False,Sonica/audio/rehearsal archive/20230726/wall_of_sound_20230726.mp3
wall of sound 20230823,wall_of_sound_20230823,,,20230823,151.457925,6058317,mp3,False,False,Sonica/audio/rehearsal archive/20230823/wall_of_sound_20230823.mp3
wall of sound 20230830,wall_of_sound_20230830,,,20230830,192.0522,7682088,mp3,False,False,Sonica/audio/rehearsal archive/20230830/wall_of_sound_20230830.mp3
wall of sound 20230927,wall_of_sound_20230927,,,20230927,179.07013605442177,7165909,mp3,False,False,Sonica/audio/rehearsal archive/20230927/wall_of_sound_20230927.mp3
wall of sound 20240403,wall_of_sound_20240403,,,20240403,178.2456916099773,7132472,mp3,False,False,Sonica/audio/rehearsal archive/20240403/wall_of_sound_20240403.mp3
we are one 20210324,we_are_one_20210324,,,20210324,320.222335600907,12811493,mp3,False,False,Sonica/audio/rehearsal archive/20210324/we_are_one_20210324.mp3
we are one 20210331,we_are_one_20210331,,,20210331,300.6212244897959,12027819,mp3,False,False,Sonica/audio/rehearsal archive/20210331/we_are_one_20210331.mp3
we are one 20210408,we_are_one_20210408,,,20210408,366.3163038548753,14655737,mp3,False,False,Sonica/audio/rehearsal archive/20210408/we_are_one_20210408.mp3
we are one 20210414,we_are_one_20210414,,,20210414,356.49732426303854,14262856,mp3,False,False,Sonica/audio/rehearsal archive/20210414/we_are_one_20210414.mp3
we are one 20210422,we_are_one_20210422,,,20210414,450.7813378684807,18033893,mp3,False,False,Sonica/audio/rehearsal archive/20210414/we_are_one_20210422.mp3
we are one 20210623,We_are_one_20210623,,,20210623,322.4352380952381,12900309,mp3,False,False,Sonica/audio/rehearsal archive/20210623/We_are_one_20210623.mp3
we are one 20210707,We_are_one_20210707,,,20210707,375.5983673469388,15026676,mp3,False,False,Sonica/audio/rehearsal archive/20210707/We_are_one_20210707.mp3
we are one 20210722,We_are_one_20210722,,,20210722,357.6913151927438,14309876,mp3,False,False,Sonica/audio/rehearsal archive/20210722/We_are_one_20210722.mp3
we are one 20210724,We_are_one_20210724,,,20210724,321.97256235827666,12881501,mp3,False,False,Sonica/audio/rehearsal archive/20210724/We_are_one_20210724.mp3
we are one 20210805,We_are_one_20210805,,,20210805,364.67925170068025,14589909,mp3,False,False,Sonica/audio/rehearsal archive/20210805/We_are_one_20210805.mp3
we are one 20210824,We_are_one_20210824,,,20210824,371.791179138322,14874121,mp3,False,False,Sonica/audio/rehearsal archive/20210824/We_are_one_20210824.mp3
we are one 20210914,We_are_one_20210914,,,20210914,333.31049886621315,13334986,mp3,False,False,Sonica/audio/rehearsal archive/20210914/We_are_one_20210914.mp3
we are one 20210928,We_are_one_20210928,,,20210928,321.47916099773244,12861648,mp3,False,False,Sonica/audio/rehearsal archive/20210928/We_are_one_20210928.mp3
we are one 20211006,We_are_one_20211006,,,20211006,347.1433333333333,13888782,mp3,False,False,Sonica/audio/rehearsal archive/20211006/We_are_one_20211006.mp3
we are one 20211013,We_are_one_20211013,,,20211013,351.3778458049887,14058056,mp3,False,False,Sonica/audio/rehearsal archive/20211013/We_are_one_20211013.mp3
we are one 20211026,We_are_one_20211026,,,20211026,324.9985487528345,13002709,mp3,False,False,Sonica/audio/rehearsal archive/20211026/We_are_one_20211026.mp3
we are one 20211101,We_are_one_20211101,,,20211101,341.29208616780045,13654725,mp3,False,False,Sonica/audio/rehearsal archive/20211101/We_are_one_20211101.mp3
we are one 20211201,we_are_one_20211201,,,20211201,329.3149433106576,13175117,mp3,False,False,Sonica/audio/rehearsal archive/20211201/we_are_one_20211201.mp3
we are one 20220316,we_are_one_20220316,,,20220316,338.9368253968254,13559640,mp3,False,False,Sonica/audio/rehearsal archive/20220316/we_are_one_20220316.mp3
weareone 20220928,weareone_20220928,,,20220928,339.31204081632654,13575313,mp3,False,False,Sonica/audio/rehearsal archive/20220928/weareone_20220928.mp3
wfm,WFM,,,20230621,309.4926757369615,12382040,mp3,False,False,Sonica/audio/rehearsal archive/20230621/WFM.mp3
wfm 20230927,wfm_20230927,,,20230927,317.9826757369614,12721631,mp3,False,False,Sonica/audio/rehearsal archive/20230927/wfm_20230927.mp3
wfm 20231011,wfm_20231011,,,20231011,320.9331972789116,12839705,mp3,False,False,Sonica/audio/rehearsal archive/20231011/wfm_20231011.mp3
wfm 20231101,wfm_20231101,,,20231101,318.7306802721088,12751933,mp3,False,False,Sonica/audio/rehearsal archive/20231101/wfm_20231101.mp3
wild 20210324,wild_20210324,,,20210324,490.30102040816325,19614823,mp3,False,False,Sonica/audio/rehearsal archive/20210324/wild_20210324.mp3
wild free,wild_free(demo),,,20211006,144.065275,5762611,mp3,False,False,Sonica/audio/rehearsal archive/20211006/wild_free(demo).mp3
wild free,wild_free(demo),,,,144.065275,5762611,mp3,False,False,Sonica/audio/rehearsal archive/working/wild_free(demo).mp3
wild free 20210923,wild_free_20210923,,,20210923,629.6670521541951,25189354,mp3,False,False,Sonica/audio/rehearsal archive/20210923/wild_free_20210923.mp3
wild free 20210928,wild_free_20210928,,,20210928,319.68589569161,12789550,mp3,False,False,Sonica/audio/rehearsal archive/20210928/wild_free_20210928.mp3
