song_key,recordings_count,first_recording_date,last_recording_date,distinct_versions,has_wip,total_duration_seconds,total_duration_hours
song 05,16,2019-02-09,2019-08-31,16,False,5759.404033333333,1.5998344537037037
song 03,13,2019-02-09,2019-06-29,13,False,2896.3846416666665,0.8045512893518518
song 04,12,2019-02-09,2019-06-08,10,True,3496.6692,0.971297
song 10,11,2019-02-23,2019-07-20,9,False,4190.887183333333,1.1641353287037037
song 11,11,2019-02-23,2019-07-20,9,False,3378.5687333333335,0.9384913148148148
song 07,10,2019-02-09,2019-08-31,9,False,3256.8711166666667,0.9046864212962963
song 09,10,2019-02-23,2019-06-08,10,False,3376.2699000000002,0.93785275
song 13,9,2019-03-16,2019-06-29,9,False,2432.1702999999998,0.675602861111111
song 15,9,2019-04-06,2019-06-08,9,True,2816.9130083333334,0.7824758356481482
song 14,8,2019-03-30,2019-06-08,8,False,1333.3569,0.37037691666666667
song 18,7,2019-04-27,2019-08-31,7,False,1655.4488916666667,0.4598469143518519
song 12,6,2019-03-16,2019-05-04,4,False,1796.4369,0.49901025
song 16,6,2019-04-13,2019-05-25,6,True,1593.1701,0.44254725
song 17,6,2019-04-27,2019-06-08,6,False,1178.3889,0.32733025
song 21,6,2019-05-04,2019-07-20,4,False,2057.210975,0.5714474930555555
places,5,2023-06-21,2025-02-11,0,False,305.47238095238095,0.08485343915343915
song 20,5,2019-05-04,2019-07-20,4,False,1555.9604749999999,0.4322112430555555
charmed,4,2025-01-14,2025-02-11,0,False,0.0,0.0
easy highs 20200314,4,2020-03-14,2020-03-14,4,False,938.8831065759637,0.26080086293776766
insane 20200314,4,2020-03-14,2020-03-14,4,False,1113.2872335600907,0.30924645376669185
ocean blue,4,2019-03-16,2019-04-27,2,False,750.4794,0.20846650000000003
descent into blue 20200307,3,2020-03-07,2020-03-07,3,False,881.9616326530612,0.2449893424036281
descent into blue 20200314,3,2020-03-14,2020-03-14,3,False,852.541156462585,0.23681698790627362
loved and lost 20200307,3,2020-03-07,2020-03-07,3,False,802.6742857142858,0.2229650793650794
mirror 20250114,3,2025-01-14,2025-03-19,0,False,0.0,0.0
never over 20200229,3,2020-02-29,2020-02-29,3,False,1002.1132426303855,0.2783647896195515
never over 20220330,3,2022-03-30,2022-03-30,0,False,1281.2263265306124,0.355896201814059
song 08,3,2019-02-09,2019-03-16,3,False,1570.1237999999998,0.43614549999999996
song 19,3,2019-05-04,2019-05-18,2,False,1853.5959,0.51488775
song 24,3,2019-05-18,2019-05-25,2,False,1358.1918,0.37727550000000004
song 25,3,2019-05-18,2019-05-25,2,False,967.7619,0.26882275
song 27,3,2019-06-08,2019-07-20,2,False,637.0472583333333,0.17695757175925925
afternoon sun demo,2,2020-05-16,2020-05-23,0,False,362.2661224489796,0.1006294784580499
bitch 20200314,2,2020-03-14,2020-03-14,2,False,576.5706122448979,0.16015850340136054
bitch 20230607,2,2023-06-07,2023-06-07,0,False,562.15505,0.15615418055555555
bitch mastered,2,,,0,False,281.4,0.07816666666666666
delusional 20230419,2,2023-04-19,2023-05-24,0,False,592.6138,0.16461494444444444
delusional 20250114,2,2025-01-14,2025-01-14,0,False,0.0,0.0
devil 20220420,2,2022-04-20,2022-04-20,1,False,872.9895011337869,0.24249708364827413
devil 20240423 edit,2,2024-04-23,2024-05-08,0,False,543.1101133786848,0.150863920382968
devil 20240815,2,2024-08-14,2024-08-14,0,False,0.0,0.0
devil 20250114,2,2025-01-14,2025-01-14,0,False,0.0,0.0
devil in disguise 20200229,2,2020-02-29,2020-02-29,2,False,681.815873015873,0.18939329805996472
devil in disguise 20200307,2,2020-03-07,2020-03-07,2,False,670.6185941043084,0.18628294280675234
devil in disguise 20210707,2,2021-07-07,2021-10-06,0,False,651.1645804988664,0.180879050138574
devil in disguise mastered,2,,,0,False,299.016,0.08306000000000001
dib 20230405,2,2023-04-05,2023-04-05,0,False,688.6850340136054,0.19130139833711263
easy highs,2,2022-11-09,2022-11-09,0,False,338.102825,0.09391745138888889
easy highs 20200229,2,2020-02-29,2020-02-29,2,False,512.2473469387755,0.14229092970521542
easy highs 20200307,2,2020-03-07,2020-03-07,1,False,530.7305442176871,0.14742515117157975
easy highs 20200912,2,2020-09-12,2020-09-26,0,False,457.55662131519273,0.12709906147644243
easy highs 20201003,2,,,1,False,464.1354195011338,0.1289265054169816
easy highs mastered,2,,,0,False,240.72,0.06686666666666667
feed 20241009,2,2024-10-09,2024-10-09,0,False,0.0,0.0
feed 20250114,2,2025-01-14,2025-01-14,0,False,0.0,0.0
fly ballerina 20191102,2,2019-11-02,2019-11-02,1,False,537.0,0.14916666666666667
freak 20191102,2,2019-11-02,2019-11-02,1,False,397.0,0.11027777777777778
freedom 20191102,2,2019-11-02,2019-11-02,1,False,402.0,0.11166666666666666
haze 20230726,2,2023-07-26,2023-07-26,0,False,708.2579000000001,0.19673830555555558
haze 20240815,2,2024-08-14,2024-08-14,0,False,0.0,0.0
haze 20250114,2,2025-01-14,2025-01-14,0,False,0.0,0.0
hollywood 20191102,2,2019-11-02,2019-11-02,1,False,585.0,0.1625
i believe 20190928,2,2019-09-28,2019-09-28,1,False,514.5248299319728,0.14292356386999244
insane 20200229,2,2020-02-29,2020-02-29,2,False,708.0250113378685,0.19667361426051902
insane 20200307,2,2020-03-07,2020-03-07,2,False,576.3934013605442,0.16010927815570672
insane 20230510,2,2023-05-10,2023-05-10,0,False,624.1175,0.17336597222222222
life 202003014,2,2020-03-14,2020-03-14,2,False,580.186530612245,0.16116292517006806
life 202005016,2,2020-05-16,2020-05-23,0,False,568.1999092970522,0.15783330813807003
life 20230405,2,2023-04-05,2023-04-05,0,False,477.282358276644,0.13257843285462334
loved 20230405,2,2023-04-05,2023-04-05,0,False,685.1822222222222,0.19032839506172838
mediocre 20230927,2,2023-09-27,2023-09-27,0,False,645.7494331065759,0.17937484252960442
mirro 20250319,2,2025-03-19,2025-03-19,0,False,0.0,0.0
never 20230510,2,2023-05-10,2023-05-10,0,False,624.1175,0.17336597222222222
never over 20220316,2,2022-03-16,2022-03-16,0,False,828.8603401360544,0.23023898337112625
never over mastered,2,,,0,False,324.24,0.09006666666666667
passion victim 20190831 instrum,2,2019-08-31,2019-08-31,0,False,686.6654166666667,0.19074039351851854
perfect 20250114,2,2025-01-14,2025-01-14,0,False,0.0,0.0
perfect day 20230419,2,2023-04-19,2023-05-24,0,False,652.12075,0.1811446527777778
personal jesus 20200905,2,,,0,False,400.00390022675737,0.11111219450743261
play 20250211,2,2025-02-11,2025-02-11,0,False,0.0,0.0
play it 20200822,2,2020-08-22,2020-08-22,0,False,605.5889342403628,0.1682191484001008
play it 20201202,2,2020-12-02,2020-12-02,0,False,929.0408843537415,0.25806691232048373
play it 20210722,2,2021-07-22,2021-07-24,0,False,760.0452154195011,0.21112367094986143
revolution 20191019,2,2019-10-19,2019-10-19,1,False,447.0,0.12416666666666666
song 01 ocean blue,2,2019-05-04,2019-05-25,2,False,338.0994,0.0939165
song 26,2,2019-05-18,2019-05-18,1,False,165.6306,0.046008499999999994
song 28,2,,,2,False,682.2192500000001,0.18950534722222226
tiannmen 20191102,2,2019-11-02,2019-11-02,1,False,525.0,0.14583333333333334
tiannmen 20200801,2,2020-08-01,2020-08-01,0,False,1004.5881179138322,0.2790522549760645
try 20240815,2,2024-08-14,2024-08-14,0,False,0.0,0.0
try 20250114,2,2025-01-14,2025-01-14,0,False,0.0,0.0
wait 20230405,2,2023-04-05,2023-04-05,0,False,641.0913378684808,0.1780809271856891
wild free,2,2021-10-06,2021-10-06,0,False,288.13055,0.0800362638888889
20220812 full set,1,,,0,False,1987.871156462585,0.5521864323507181
20220824 full set,1,,,0,False,1777.7427664399092,0.493817435122197
20240601 full set,1,,,0,False,0.0,0.0
20250129 full,1,2025-01-29,2025-01-29,0,False,0.0,0.0
afternoon sun 20200613,1,2020-06-13,2020-06-13,0,False,205.9473015873016,0.05720758377425045
afternoon sun 20200704,1,2020-07-04,2020-07-04,0,False,230.15108843537416,0.06393085789871504
afternoon sun 20200725,1,2020-07-25,2020-07-25,0,False,251.8910657596372,0.06996974048878811
afternoon sun 20200801,1,2020-08-01,2020-08-01,0,False,244.45968253968252,0.06790546737213403
alan 02 20211006,1,,,0,False,285.0243537414966,0.07917343159486016
alan new 01 20210923,1,2021-09-23,2021-09-23,0,False,239.8782993197279,0.06663286092214664
arialle alan,1,,,0,False,441.396375,0.12261010416666666
ballerina 20191214,1,2019-12-14,2019-12-14,0,False,274.5,0.07625
ballerina 20200307,1,2020-03-07,2020-03-07,1,False,281.0117006802721,0.07805880574452002
ballerina instrumental 20200229,1,2020-02-29,2020-02-29,0,False,391.7322448979592,0.10881451247165534
bass,1,,,0,False,0.0,0.0
believe 20191214,1,2019-12-14,2019-12-14,0,False,422.0,0.11722222222222223
believe 20200215,1,2020-02-15,2020-02-15,0,False,322.99641723356007,0.08972122700932224
believe instrumental 20200229,1,2020-02-29,2020-02-29,0,False,765.2571428571429,0.21257142857142858
bellerina 20191116,1,2019-11-16,2019-11-16,0,False,285.3268027210884,0.07925744520030234
bitch 20200215,1,2020-02-15,2020-02-15,0,False,220.0497278911565,0.061124924414210136
bitch 20200229,1,2020-02-29,2020-02-29,0,False,232.7773015873016,0.06466036155202821
bitch 20200307,1,2020-03-07,2020-03-07,1,False,263.3404081632653,0.07315011337868481
bitch 20200502,1,2020-05-02,2020-05-02,0,False,250.7365759637188,0.06964904887881078
bitch 20200516,1,2020-05-16,2020-05-16,0,False,282.6812244897959,0.07852256235827663
bitch 20200523,1,2020-05-23,2020-05-23,0,False,270.85326530612247,0.07523701814058957
bitch 20200606,1,2020-06-06,2020-06-06,0,False,257.2457596371882,0.0714571554547745
bitch 20200620,1,2020-06-20,2020-06-20,0,False,268.78108843537416,0.0746614134542706
bitch 20200627,1,2020-06-27,2020-06-27,0,False,282.7567120181406,0.07854353111615017
bitch 20200704,1,2020-07-04,2020-07-04,0,False,275.0855328798186,0.07641264802217182
bitch 20200725,1,2020-07-25,2020-07-25,0,False,285.10385487528345,0.07919551524313428
bitch 20200801,1,2020-08-01,2020-08-01,0,False,251.6095238095238,0.0698915343915344
bitch 20200808,1,2020-08-08,2020-08-08,0,False,312.32498866213155,0.08675694129503654
bitch 20200822,1,2020-08-22,2020-08-22,0,False,287.43888888888887,0.07984413580246913
bitch 20200912,1,2020-09-12,2020-09-12,0,False,293.5899319727891,0.0815527588813303
bitch 20201003,1,,,0,False,277.7556235827664,0.07715433988410178
bitch 20201010 01,1,2020-10-10,2020-10-10,0,False,264.72725623582767,0.07353534895439658
bitch 20201010 02,1,2020-10-10,2020-10-10,0,False,261.16931972789115,0.07254703325774754
bitch 20201017,1,2020-10-17,2020-10-17,0,False,286.8128798185941,0.07967024439405393
bitch 20201022 camfield,1,,,0,False,283.2109297052154,0.07866970269589317
bitch 20201107,1,2020-11-07,2020-11-07,0,False,281.65022675736964,0.07823617409926935
bitch 20201125,1,2020-11-25,2020-11-25,0,False,297.51174603174604,0.08264215167548501
bitch 20201202,1,2020-12-02,2020-12-02,0,False,302.9871201814059,0.08416308893927942
bitch 20201219,1,2020-12-19,2020-12-19,0,False,282.3546485260771,0.07843184681279919
bitch 20210113,1,2021-01-13,2021-01-13,0,False,273.3738775510204,0.07593718820861678
bitch 20210116,1,2021-01-16,2021-01-16,0,False,284.54770975056687,0.07904103048626858
bitch 20210120,1,2021-01-20,2021-01-20,0,False,266.407664399093,0.07400212899974805
bitch 20210210,1,2021-02-10,2021-02-10,0,False,284.1648979591837,0.07893469387755103
bitch 20210217,1,,,0,False,279.5921768707483,0.07766449357520785
bitch 20210225,1,2021-02-25,2021-02-25,0,False,282.06657596371883,0.07835182665658856
bitch 20210308,1,2021-03-08,2021-03-08,0,False,280.72031746031746,0.0779778659611993
bitch 20210317,1,2021-03-17,2021-03-17,0,False,295.1974376417233,0.08199928823381203
bitch 20210331,1,2021-03-31,2021-03-31,0,False,286.2332879818594,0.07950924666162762
bitch 20210408,1,2021-04-08,2021-04-08,0,False,278.65256235827667,0.07740348954396574
bitch 20210414,1,2021-04-14,2021-04-14,0,False,287.2109977324263,0.07978083270345174
bitch 20210526,1,2021-05-26,2021-05-26,0,False,305.94378684807253,0.08498438523557571
bitch 20210609,1,2021-06-09,2021-06-09,0,False,303.34437641723355,0.08426232678256487
bitch 20210623,1,2021-06-23,2021-06-23,0,False,283.75451247165535,0.07882069790879315
bitch 20210707,1,2021-07-07,2021-07-07,0,False,295.7141950113379,0.08214283194759386
bitch 20210722,1,2021-07-22,2021-07-22,0,False,302.5402267573696,0.08403895187704712
bitch 20210805,1,2021-08-05,2021-08-05,0,False,289.8902494331066,0.08052506928697405
bitch 20210824,1,2021-08-24,2021-08-24,0,False,270.8725850340136,0.07524238473167044
bitch 20210914,1,2021-09-14,2021-09-14,0,False,294.5767800453515,0.08182688334593097
bitch 20210923,1,2021-09-23,2021-09-23,0,False,304.9235600907029,0.08470098891408413
bitch 20210928,1,2021-09-28,2021-09-28,0,False,279.4139909297052,0.07761499748047367
bitch 20211006,1,2021-10-06,2021-10-06,0,False,287.6865306122449,0.07991292517006802
bitch 20211101,1,2021-11-01,2021-11-01,0,False,282.4111111111111,0.07844753086419752
bitch 20211201,1,2021-12-01,2021-12-01,0,False,270.2202721088435,0.07506118669690098
bitch 20220316,1,2022-03-16,2022-03-16,0,False,281.884716553288,0.07830131015369111
bitch 20220928,1,2022-09-28,2022-09-28,0,False,282.0400453514739,0.07834445704207608
bitch 20221005,1,2022-10-05,2022-10-05,0,False,295.2768480725624,0.0820213466868229
bitch 20230315,1,2023-03-15,2023-03-15,0,False,288.0684580498866,0.0800190161249685
bitch 20230405,1,2023-04-05,2023-04-05,0,False,291.56689342403627,0.08099080372889897
bitch mastered2,1,,,0,False,0.0,0.0
bitch sonica,1,,,0,False,281.4,0.07816666666666666
black dog 20190914,1,2019-09-14,2019-09-14,1,False,486.5,0.1351388888888889
black dog 20190928,1,2019-09-28,2019-09-28,1,False,288.0,0.08
black dog 20191116,1,2019-11-16,2019-11-16,0,False,316.5344217687075,0.08792622826908542
black dog 20191214,1,2019-12-14,2019-12-14,0,False,231.0,0.06416666666666666
black dog 20200215,1,2020-02-15,2020-02-15,0,False,279.8660544217687,0.07774057067271353
black dogs 20190831,1,2019-08-31,2019-08-31,0,False,292.0543333333333,0.0811262037037037
black dogs 20191102,1,2019-11-02,2019-11-02,0,False,266.0,0.07388888888888889
black dogs 20191109,1,2019-11-09,2019-11-09,0,False,308.7907482993197,0.08577520786092215
charmed 20230315,1,2023-03-15,2023-03-15,0,False,370.4965986394558,0.10291572184429328
charmed 20230405,1,2023-04-05,2023-04-05,0,False,365.93757369614514,0.10164932602670698
charmed 20250319,1,2025-03-19,2025-03-19,0,False,0.0,0.0
charmed 20250830 rw,1,,,0,False,0.0,0.0
charmed edit,1,,,0,False,0.0,0.0
charmed life 20200905,1,,,0,False,1360.923514739229,0.3780343096497858
charmed life 20200912,1,2020-09-12,2020-09-12,0,False,313.91056689342406,0.08719737969261779
charmed life 20200926,1,2020-09-12,2020-09-12,0,False,321.11748299319726,0.08919930083144369
charmed life 20201010,1,2020-10-10,2020-10-10,0,False,338.48473922902497,0.09402353867472915
charmed life 20201017,1,2020-10-17,2020-10-17,0,False,399.18995464852605,0.11088609851347946
charmed life 20201107,1,2020-11-07,2020-11-07,0,False,376.87179138322,0.10468660871756111
charmed life 20201107 outro,1,2020-11-07,2020-11-07,0,False,130.5996598639456,0.036277683295540444
charmed life 20201125,1,2020-11-25,2020-11-25,0,False,342.69557823129253,0.09519321617535903
charmed life 20201202,1,2020-12-02,2020-12-02,0,False,361.5959863945578,0.10044332955404384
charmed life 20201219,1,2020-12-19,2020-12-19,0,False,359.67555555555555,0.09990987654320987
charmed life 20210113,1,2021-01-13,2021-01-13,0,False,484.4431065759637,0.13456752960443435
charmed life 20210116,1,2021-01-16,2021-01-16,0,False,330.5416553287982,0.09181712648022172
charmed life 20210120,1,2021-01-20,2021-01-20,0,False,348.0270068027211,0.0966741685563114
charmed life 20210210,1,2021-02-10,2021-02-10,0,False,359.94319727891155,0.09998422146636432
charmed life 20210217,1,,,0,False,356.9508390022676,0.09915301083396323
charmed life 20210225,1,2021-02-25,2021-02-25,0,False,361.7659637188208,0.10049054547745022
charmed life 20210303,1,2021-03-03,2021-03-03,0,False,352.70850340136053,0.0979745842781557
charmed life 20210308,1,2021-03-08,2021-03-08,0,False,343.6739909297052,0.09546499748047367
charmed life 20210317,1,2021-03-17,2021-03-17,0,False,375.7405442176871,0.10437237339380197
charmed life 20210321,1,,,0,False,358.2201814058957,0.09950560594608214
charmed life 20210331,1,2021-03-31,2021-03-31,0,False,352.001768707483,0.09777826908541194
charmed life 20210408,1,2021-04-08,2021-04-08,0,False,367.31172335600905,0.10203103426555807
charmed life 20210414,1,2021-04-14,2021-04-14,0,False,371.7195464852608,0.10325542957923911
charmed life 20210512,1,2021-05-12,2021-05-12,0,False,358.2702494331066,0.0995195137314185
charmed life 20210526,1,2021-05-26,2021-05-26,0,False,392.4219501133786,0.10900609725371628
charmed life 20210603,1,,,0,False,352.9565759637188,0.09804349332325522
charmed life 20210609,1,2021-06-09,2021-06-09,0,False,383.1850566893424,0.10644029352481733
charmed life 20210623,1,2021-06-23,2021-06-23,0,False,378.8683446712018,0.10524120685311161
charmed life 20210707mp3,1,2021-07-07,2021-07-07,0,False,391.25721088435375,0.10868255857898715
charmed life 20210722,1,2021-07-22,2021-07-22,0,False,376.6445804988662,0.1046234945830184
charmed life 20210724,1,2021-07-24,2021-07-24,0,False,366.77238095238096,0.10188121693121693
charmed life 20210731,1,,,0,False,370.016507936508,0.10278236331569666
charmed life 20210805,1,2021-08-05,2021-08-05,0,False,391.2263492063492,0.10867398589065255
charmed life 20210812,1,2021-08-12,2021-08-12,0,False,399.946507936508,0.11109625220458555
charmed life 20210819,1,2021-08-19,2021-08-19,0,False,375.1241723356009,0.10420115898211137
charmed life 20210824,1,2021-08-24,2021-08-24,0,False,370.4402040816327,0.10290005668934242
charmed life 20210831,1,2021-08-31,2021-08-31,0,False,380.66063492063495,0.10573906525573193
charmed life 20210902,1,,,0,False,371.2980725623583,0.10313835348954398
charmed life 20210914,1,2021-09-14,2021-09-14,0,False,378.5333786848073,0.1051481607457798
charmed life 20210928,1,2021-09-28,2021-09-28,0,False,389.2577097505669,0.1081271415973797
charmed life 20211006,1,2021-10-06,2021-10-06,0,False,419.4176870748299,0.11650491307634164
charmed life 20211026,1,2021-10-26,2021-10-26,0,False,357.8860997732426,0.0994128054925674
charmed life 20211101,1,2021-11-01,2021-11-01,0,False,368.6748072562359,0.10240966868228775
charned no vox,1,,,0,False,0.0,0.0
delusional,1,2023-06-21,2023-06-21,0,False,281.2017913832199,0.07811160871756109
delusional 20230208,1,2023-02-08,2023-02-08,0,False,260.26485260770977,0.0722957923910305
delusional 20230315,1,2023-03-15,2023-03-15,0,False,314.9150566893424,0.08747640463592844
delusional 20230329,1,2023-03-29,2023-03-29,0,False,279.71521541950113,0.07769867094986142
delusional 20230405,1,2023-04-05,2023-04-05,0,False,289.331768707483,0.08036993575207861
delusional 20230607,1,2023-06-07,2023-06-07,0,False,271.438325,0.07539953472222223
delusional 20230927,1,2023-09-27,2023-09-27,0,False,268.2439909297052,0.07451221970269589
delusional 20231011,1,2023-10-11,2023-10-11,0,False,264.08562358276646,0.07335711766187958
delusional 20231101,1,2023-11-01,2023-11-01,0,False,256.0618820861678,0.07112830057949106
delusional 20240403,1,2024-04-03,2024-04-03,0,False,270.5297278911565,0.07514714663643236
delusional 20240417,1,2024-04-17,2024-04-17,0,False,266.4349886621315,0.07400971907281431
delusional 20240423,1,2024-04-23,2024-04-23,0,False,281.19873015873014,0.07811075837742504
delusional 20240423 edit,1,2024-04-23,2024-04-23,0,False,241.2824716553288,0.06702290879314689
delusional 20240508,1,2024-05-08,2024-05-08,0,False,218.299433106576,0.06063873141849333
delusional 20240515,1,2024-05-15,2024-05-15,0,False,0.0,0.0
delusional 20240522,1,2024-05-22,2024-05-22,0,False,0.0,0.0
delusional 20241023,1,2024-10-23,2024-10-23,0,False,0.0,0.0
delusional 20241030,1,2024-10-30,2024-10-30,0,False,0.0,0.0
delusional 20241128,1,2024-11-28,2024-11-28,0,False,0.0,0.0
delusional 20241218,1,2024-12-18,2024-12-18,0,False,0.0,0.0
delusional 20241218 novox,1,2024-12-18,2024-12-18,0,False,0.0,0.0
delusional 20250211,1,2025-02-11,2025-02-11,0,False,0.0,0.0
delusional 20250319,1,2025-03-19,2025-03-19,0,False,0.0,0.0
delusional 20250319 remix,1,2025-03-19,2025-03-19,0,False,0.0,0.0
delusionals 20230215,1,2023-02-15,2023-02-15,0,False,300.6503628117914,0.08351398966994206
descend 20201014,1,,,0,False,305.6881632653061,0.08491337868480725
descend into blue 20200912,1,2020-09-12,2020-09-12,0,False,293.2322222222222,0.0814533950617284
descend into blue 20201010 01,1,2020-10-10,2020-10-10,0,False,303.98308390022675,0.08443974552784077
descend into blue 20201010 02,1,2020-10-10,2020-10-10,0,False,352.85240362811794,0.09801455656336609
descend into blue 20201017,1,2020-10-17,2020-10-17,0,False,328.9945804988662,0.09138738347190728
descend into blue 20201022 camfield,1,,,0,False,305.8671201814059,0.08496308893927941
descend into blue 20201104 rosemount,1,,,0,False,339.24426303854875,0.094234517510708
descend into blue 20201107,1,2020-11-07,2020-11-07,0,False,320.71990929705214,0.08908886369362559
descend into blue 20210609,1,2021-06-09,2021-06-09,0,False,330.04147392290247,0.09167818720080624
descend into blue sonica,1,,,0,False,329.4,0.0915
descent,1,2023-06-21,2023-06-21,0,False,332.75378684807254,0.09243160745779792
descent 20231011,1,2023-10-11,2023-10-11,0,False,313.00226757369614,0.0869450743260267
descent 20231101,1,2023-11-01,2023-11-01,0,False,358.0348752834467,0.09945413202317964
descent 20240417,1,2024-04-17,2024-04-17,0,False,357.39385487528347,0.09927607079868986
descent 20240423,1,2024-04-23,2024-04-23,0,False,316.8787074829932,0.08802186318972033
descent into blue 20200229,1,2020-02-29,2020-02-29,0,False,303.6473469387755,0.08434648526077097
descent into blue 20200502,1,2020-05-02,2020-05-02,0,False,286.6967800453515,0.07963799445704207
descent into blue 20200516,1,2020-05-16,2020-05-16,0,False,302.17786848072564,0.08393829680020157
descent into blue 20200523,1,2020-05-23,2020-05-23,0,False,329.6516326530612,0.09156989795918366
descent into blue 20200606,1,2020-06-06,2020-06-06,0,False,302.3389342403628,0.08398303728898966
descent into blue 20200620,1,2020-06-20,2020-06-20,0,False,307.6954875283447,0.08547096875787352
descent into blue 20200627,1,2020-06-27,2020-06-27,0,False,270.55925170068025,0.0751553476946334
descent into blue 20200704,1,2020-07-04,2020-07-04,0,False,287.6205442176871,0.07989459561602419
descent into blue 20200725,1,2020-07-25,2020-07-25,0,False,290.65637188208615,0.08073788107835726
descent into blue 20200801,1,2020-08-01,2020-08-01,0,False,278.65433106575966,0.07740398085159991
descent into blue 20200808,1,2020-08-08,2020-08-08,0,False,290.3403628117914,0.08065010078105317
descent into blue 20200822,1,2020-08-22,2020-08-22,0,False,314.83473922902493,0.0874540942302847
descent into blue 20201202,1,2020-12-02,2020-12-02,0,False,287.1966213151928,0.07977683925422022
descent into blue 20201219,1,2020-12-19,2020-12-19,0,False,290.6209523809524,0.08072804232804234
descent into blue 20210113,1,2021-01-13,2021-01-13,0,False,293.7384353741497,0.08159400982615268
descent into blue 20210116,1,2021-01-16,2021-01-16,0,False,311.85430839002265,0.0866261967750063
descent into blue 20210120,1,2021-01-20,2021-01-20,0,False,323.91832199546485,0.0899773116654069
descent into blue 20210210,1,2021-02-10,2021-02-10,0,False,327.9814285714286,0.09110595238095238
descent into blue 20210217,1,,,0,False,348.4520181405896,0.09679222726127489
descent into blue 20210225,1,2021-02-25,2021-02-25,0,False,309.3722675736961,0.08593674099269336
descent into blue 20210303,1,2021-03-03,2021-03-03,0,False,306.4986394557823,0.08513851095993953
descent into blue 20210308,1,2021-03-08,2021-03-08,0,False,327.828820861678,0.09106356135046612
descent into blue 20210313,1,,,0,False,318.36396825396827,0.0884344356261023
descent into blue 20210317,1,2021-03-17,2021-03-17,0,False,321.990589569161,0.08944183043587806
descent into blue 20210321,1,,,0,False,316.1238321995465,0.08781217561098513
descent into blue 20210331,1,2021-03-31,2021-03-31,0,False,299.4886848072562,0.08319130133534895
descent into blue 20210408,1,2021-04-08,2021-04-08,0,False,321.74891156462587,0.08937469765684052
descent into blue 20210414,1,2021-04-14,2021-04-14,0,False,323.5746485260771,0.0898818468127992
descent into blue 20210623,1,2021-06-23,2021-06-23,0,False,310.0080952380952,0.08611335978835978
descent into blue 20210707,1,2021-07-07,2021-07-07,0,False,321.00879818594103,0.08916911060720584
descent into blue 20210722,1,2021-07-22,2021-07-22,0,False,297.0251700680272,0.08250699168556311
descent into blue 20210805,1,2021-08-05,2021-08-05,0,False,345.0290249433107,0.0958413958175863
descent into blue 20210824,1,2021-08-24,2021-08-24,0,False,331.7457142857143,0.0921515873015873
descent into blue 20210831,1,2021-08-31,2021-08-31,0,False,305.8416553287982,0.08495601536911061
descent into blue 20210902,1,,,0,False,303.7238775510204,0.08436774376417233
descent into blue 20210914,1,2021-09-14,2021-09-14,0,False,311.35079365079366,0.08648633156966491
descent into blue 20211006,1,2021-10-06,2021-10-06,0,False,339.5906575963719,0.09433073822121442
descent into blue 20211026,1,2021-10-26,2021-10-26,0,False,313.43555555555554,0.08706543209876542
descent into blue 20211101,1,2021-11-01,2021-11-01,0,False,315.5212471655329,0.08764479087931469
descent mastered,1,,,0,False,0.0,0.0
devil,1,2023-06-21,2023-06-21,0,False,326.82428571428574,0.09078452380952381
devil 20201014,1,,,0,False,301.3874603174603,0.0837187389770723
devil 20211201,1,2021-12-01,2021-12-01,0,False,345.5673015873016,0.09599091710758377
devil 20220316,1,2022-03-16,2022-03-16,0,False,307.3522448979592,0.08537562358276646
devil 20220330,1,2022-03-30,2022-03-30,0,False,407.2443764172336,0.113123437893676
devil 20220524,1,2022-05-24,2022-05-24,0,False,305.7741950113379,0.08493727639203831
devil 20220928,1,2022-09-28,2022-09-28,0,False,283.5012244897959,0.07875034013605442
devil 20221005,1,2022-10-05,2022-10-05,0,False,287.3824716553288,0.07982846434870244
devil 20230315,1,2023-03-15,2023-03-15,0,False,315.28816326530614,0.08758004535147393
devil 20230405,1,2023-04-05,2023-04-05,0,False,300.1237641723356,0.08336771227009322
devil 20230419,1,2023-04-19,2023-04-19,0,False,290.06365,0.08057323611111111
devil 20230510,1,2023-05-10,2023-05-10,0,False,289.462825,0.08040634027777778
devil 20230927,1,2023-09-27,2023-09-27,0,False,290.5216553287982,0.08070045981355506
devil 20231011,1,2023-10-11,2023-10-11,0,False,292.17233560090705,0.08115898211136306
devil 20231101,1,2023-11-01,2023-11-01,0,False,284.51319727891155,0.07903144368858654
devil 20240403,1,2024-04-03,2024-04-03,0,False,298.79138321995464,0.0829976064499874
devil 20240410 no vox,1,2024-04-10,2024-04-10,0,False,238.7395918367347,0.06631655328798186
devil 20240417,1,2024-04-17,2024-04-17,0,False,312.4280498866213,0.08678556941295036
devil 20240423,1,2024-04-23,2024-04-23,0,False,297.460566893424,0.08262793524817334
devil 20240515,1,2024-05-15,2024-05-15,0,False,0.0,0.0
devil 20240522,1,2024-05-22,2024-05-22,0,False,0.0,0.0
devil 20240911,1,2024-09-11,2024-09-11,0,False,0.0,0.0
devil 20240918,1,2024-09-18,2024-09-18,0,False,0.0,0.0
devil 20241002,1,2024-10-02,2024-10-02,0,False,0.0,0.0
devil 20241009,1,2024-10-09,2024-10-09,0,False,0.0,0.0
devil 20241023,1,2024-10-23,2024-10-23,0,False,0.0,0.0
devil 20241030,1,2024-10-30,2024-10-30,0,False,0.0,0.0
devil 20241128,1,2024-11-28,2024-11-28,0,False,0.0,0.0
devil 20241218,1,2024-12-18,2024-12-18,0,False,0.0,0.0
devil 20241218 novox,1,2024-12-18,2024-12-18,0,False,0.0,0.0
devil 20241218 remix,1,2024-12-18,2024-12-18,0,False,0.0,0.0
devil 20250211,1,2025-02-11,2025-02-11,0,False,0.0,0.0
devil 20250319,1,2025-03-19,2025-03-19,0,False,0.0,0.0
devil in disguise 202003014,1,2020-03-14,2020-03-14,1,False,333.32244897959185,0.09258956916099774
devil in disguise 20200502,1,2020-05-02,2020-05-02,0,False,296.95560090702946,0.08248766691861929
devil in disguise 20200502a,1,2020-05-02,2020-05-02,0,False,297.0122448979592,0.08250340136054422
devil in disguise 20200516,1,2020-05-16,2020-05-16,0,False,304.907641723356,0.08469656714537667
devil in disguise 20200523,1,2020-05-23,2020-05-23,0,False,284.6738321995465,0.07907606449987403
devil in disguise 20200606,1,2020-06-06,2020-06-06,0,False,288.87126984126985,0.08024201940035273
devil in disguise 20200620,1,2020-06-20,2020-06-20,0,False,303.75768707483,0.08437713529856389
devil in disguise 20200627,1,2020-06-27,2020-06-27,0,False,282.6489569160998,0.07851359914336105
devil in disguise 20200704,1,2020-07-04,2020-07-04,0,False,296.5847845804989,0.0823846623834719
devil in disguise 20200725,1,2020-07-25,2020-07-25,0,False,300.2704761904762,0.08340846560846561
devil in disguise 20200801,1,2020-08-01,2020-08-01,0,False,303.5801814058957,0.08432782816830436
devil in disguise 20200808,1,2020-08-08,2020-08-08,0,False,285.95428571428573,0.07943174603174603
devil in disguise 20200822,1,2020-08-22,2020-08-22,0,False,289.77052154195013,0.0804918115394306
devil in disguise 20200831,1,,,0,False,281.1731972789116,0.07810366591080876
devil in disguise 20200912,1,2020-09-12,2020-09-12,0,False,279.6011337868481,0.0776669816074578
devil in disguise 20201010 01,1,2020-10-10,2020-10-10,0,False,274.0341950113379,0.07612060972537163
devil in disguise 20201010 02,1,2020-10-10,2020-10-10,0,False,261.125873015873,0.0725349647266314
devil in disguise 20201017,1,2020-10-17,2020-10-17,0,False,307.53231292517006,0.0854256424792139
devil in disguise 20201022 camfield,1,,,0,False,291.81303854875284,0.08105917737465357
devil in disguise 20201104 rosemount,1,,,0,False,283.8955328798186,0.07885987024439405
devil in disguise 20201107,1,2020-11-07,2020-11-07,0,False,286.2556009070295,0.07951544469639707
devil in disguise 20201125,1,2020-11-25,2020-11-25,0,False,280.44081632653064,0.07790022675736963
devil in disguise 20201219,1,2020-12-19,2020-12-19,0,False,277.803537414966,0.077167649281935
devil in disguise 202012202,1,2020-12-02,2020-12-02,0,False,274.80664399092973,0.07633517888636937
devil in disguise 20210113,1,2021-01-13,2021-01-13,0,False,282.67061224489794,0.07851961451247165
devil in disguise 20210116,1,2021-01-16,2021-01-16,0,False,293.04331065759635,0.0814009196271101
devil in disguise 20210120,1,2021-01-20,2021-01-20,0,False,264.9578004535147,0.0735993890148652
devil in disguise 20210210,1,2021-02-10,2021-02-10,0,False,296.27961451247165,0.08229989292013101
devil in disguise 20210217,1,,,0,False,288.22269841269843,0.08006186067019401
devil in disguise 20210225,1,2021-02-25,2021-02-25,0,False,302.37825396825394,0.0839939594356261
devil in disguise 20210303,1,2021-03-03,2021-03-03,0,False,290.0875056689342,0.08057986268581506
devil in disguise 20210308,1,2021-03-08,2021-03-08,0,False,289.7955782312925,0.08049877173091458
devil in disguise 20210313,1,,,0,False,278.8661224489796,0.07746281179138322
devil in disguise 20210317,1,2021-03-17,2021-03-17,0,False,309.13952380952384,0.08587208994708996
devil in disguise 20210321,1,,,0,False,304.5660770975057,0.08460168808264047
devil in disguise 20210331,1,2021-03-31,2021-03-31,0,False,287.4120408163265,0.07983667800453514
devil in disguise 20210408,1,2021-04-08,2021-04-08,0,False,311.3190929705215,0.08647752582514487
devil in disguise 20210414,1,2021-04-14,2021-04-14,0,False,302.05195011337867,0.08390331947593851
devil in disguise 20210512,1,2021-05-12,2021-05-12,0,False,323.2584580498866,0.0897940161249685
devil in disguise 20210526,1,2021-05-26,2021-05-26,0,False,328.3468253968254,0.09120745149911817
devil in disguise 20210609,1,2021-06-09,2021-06-09,0,False,323.43802721088434,0.08984389644746787
devil in disguise 20210623,1,2021-06-23,2021-06-23,0,False,324.5148072562358,0.09014300201562106
devil in disguise 20210722,1,2021-07-22,2021-07-22,0,False,311.5908843537415,0.08655302343159486
devil in disguise 20210724,1,2021-07-24,2021-07-24,0,False,344.79115646258504,0.09577532123960696
devil in disguise 20210805,1,2021-08-05,2021-08-05,0,False,420.45591836734695,0.11679331065759638
devil in disguise 20210812,1,2021-08-12,2021-08-12,0,False,348.76421768707485,0.0968789493575208
devil in disguise 20210819,1,2021-08-19,2021-08-19,0,False,338.7799546485261,0.09410554295792391
devil in disguise 20210831,1,2021-08-31,2021-08-31,0,False,319.15566893424034,0.08865435248173342
devil in disguise 20210914,1,2021-09-14,2021-09-14,0,False,347.755306122449,0.09659869614512472
devil in disguise 20210928,1,2021-09-28,2021-09-28,0,False,325.0067120181406,0.09027964222726127
devil in disguise 20211013,1,2021-10-13,2021-10-13,0,False,317.51428571428573,0.0881984126984127
dib 20230315,1,2023-03-15,2023-03-15,0,False,361.9284353741497,0.10053567649281936
dib edit,1,,,0,False,0.0,0.0
diyabika 20190720,1,,,0,False,235.0305,0.06528624999999999
diyabika instrumental 20200229,1,2020-02-29,2020-02-29,0,False,392.6726530612245,0.10907573696145124
drums only,1,2023-12-06,2023-12-06,0,False,299.52292517006805,0.08320081254724113
dystopian 20230711,1,2023-07-11,2023-07-11,0,False,376.450575,0.10456960416666668
eassy 20230405,1,2023-04-05,2023-04-05,0,False,359.7381632653061,0.09992726757369615
easy,1,2023-06-21,2023-06-21,0,False,296.3337188208617,0.0823149218946838
easy 20220928,1,2022-09-28,2022-09-28,0,False,372.6492517006803,0.10351368102796675
easy 20221005,1,2022-10-05,2022-10-05,0,False,374.8975510204082,0.10413820861678005
easy 20230419,1,2023-04-19,2023-04-19,0,False,436.062,0.12112833333333334
easy 20250319,1,2025-03-19,2025-03-19,0,False,0.0,0.0
easy highs 20200502,1,2020-05-02,2020-05-02,0,False,226.8702947845805,0.06301952632905014
easy highs 20200516,1,2020-05-16,2020-05-16,0,False,237.31750566893425,0.06592152935248173
easy highs 20200523,1,2020-05-23,2020-05-23,0,False,244.0809523809524,0.06780026455026456
easy highs 20200801,1,2020-08-01,2020-08-01,0,False,236.81410430839003,0.06578169564121945
easy highs 20200808,1,2020-08-08,2020-08-08,0,False,248.19367346938776,0.06894268707482994
easy highs 20200822,1,2020-08-22,2020-08-22,0,False,234.83521541950117,0.06523200428319477
easy highs 20200831,1,,,0,False,246.81074829931973,0.06855854119425547
easy highs 20201017,1,2020-10-17,2020-10-17,0,False,244.28510204081635,0.06785697278911565
easy highs 20201022 camfield,1,,,0,False,91.20798185941042,0.025335550516502894
easy highs 20201107,1,2020-11-07,2020-11-07,0,False,234.90215419501132,0.06525059838750315
easy highs 20201125,1,2020-11-25,2020-11-25,0,False,227.53750566893424,0.06320486268581507
easy highs 2020606,1,2020-06-06,2020-06-06,0,False,230.96024943310655,0.0641556248425296
easy highs 2020620,1,2020-06-20,2020-06-20,0,False,236.15780045351477,0.06559938901486521
easy highs 2020627,1,2020-06-27,2020-06-27,0,False,232.9004988662132,0.06469458301839257
easy highs 2020704,1,2020-07-04,2020-07-04,0,False,222.63138321995464,0.061842050894431844
easy highs 2020725,1,2020-07-25,2020-07-25,0,False,238.37873015873012,0.0662163139329806
easy highs 20210324,1,2021-03-24,2021-03-24,0,False,302.8107029478458,0.08411408415217939
easy highs 20210408,1,2021-04-08,2021-04-08,0,False,378.7259183673469,0.10520164399092968
easy highs 20210414,1,2021-04-14,2021-04-14,0,False,372.3105442176871,0.10341959561602419
easy highs 20210422,1,2021-04-22,2021-04-22,0,False,285.2651247165533,0.07924031242126481
easy highs 20210512,1,2021-05-12,2021-05-12,0,False,377.29879818594105,0.10480522171831697
easy highs 20210526,1,2021-05-26,2021-05-26,0,False,378.9665306122449,0.10526848072562359
easy highs 20210609,1,2021-06-09,2021-06-09,0,False,400.4564172335601,0.11123789367598892
easy highs 20210623,1,2021-06-23,2021-06-23,0,False,364.012947845805,0.10111470773494584
easy highs 20210707,1,2021-07-07,2021-07-07,0,False,360.0350793650793,0.10000974426807759
easy highs 20210722,1,2021-07-22,2021-07-22,0,False,376.5471428571428,0.10459642857142855
easy highs 20210724,1,2021-07-24,2021-07-24,0,False,375.3181405895692,0.10425503905265812
easy highs 20210805,1,2021-08-05,2021-08-05,0,False,388.810612244898,0.108002947845805
easy highs 20210812,1,2021-08-12,2021-08-12,0,False,357.78090702947844,0.09938358528596623
easy highs 20210819,1,2021-08-19,2021-08-19,0,False,380.9034013605442,0.10580650037792894
easy highs 20210824,1,2021-08-24,2021-08-24,0,False,371.1663492063492,0.10310176366843034
easy highs 20210914,1,2021-09-14,2021-09-14,0,False,401.88959183673467,0.1116359977324263
easy highs 20210928,1,2021-09-28,2021-09-28,0,False,412.1573015873016,0.114488139329806
easy highs 20211006,1,2021-10-06,2021-10-06,0,False,368.4835827664399,0.10235655076845553
easy highs 20211013,1,2021-10-13,2021-10-13,0,False,372.51773242630384,0.10347714789619551
easy highs 20211026,1,2021-10-26,2021-10-26,0,False,359.4301360544218,0.0998417044595616
easy highs 20211101,1,2021-11-01,2021-11-01,0,False,384.47537414965984,0.10679871504157218
empathetic,1,2023-02-15,2023-02-15,0,False,121.33875,0.033705208333333334
feed 20221206,1,2023-12-06,2023-12-06,0,False,282.00467120181406,0.0783346308893928
feed 20230628,1,2023-06-28,2023-06-28,0,False,271.438325,0.07539953472222223
feed 20230726,1,2023-07-26,2023-07-26,0,False,269.47915,0.07485531944444444
feed 20230905,1,2023-09-05,2023-09-05,0,False,252.995875,0.07027663194444445
feed 20230927,1,2023-09-27,2023-09-27,0,False,259.2010204081633,0.07200028344671203
feed 20231011,1,2023-10-11,2023-10-11,0,False,277.1955328798186,0.07699875913328294
feed 20231101,1,2023-11-01,2023-11-01,0,False,277.84108843537416,0.07717808012093727
feed 20240403,1,2024-04-03,2024-04-03,0,False,262.9287528344671,0.07303576467624086
feed 20240410 no vox,1,2024-04-10,2024-04-10,0,False,266.960612244898,0.07415572562358279
feed 20240417,1,2024-04-17,2024-04-17,0,False,263.20775510204084,0.07311326530612246
feed 20240423,1,2024-04-23,2024-04-23,0,False,254.51142857142855,0.07069761904761904
feed 20240423 edit,1,2024-04-23,2024-04-23,0,False,222.05496598639456,0.06168193499622071
feed 20240508,1,2024-05-08,2024-05-08,0,False,216.7384126984127,0.06020511463844797
feed 20240515,1,2024-05-15,2024-05-15,0,False,0.0,0.0
feed 20240522,1,2024-05-22,2024-05-22,0,False,0.0,0.0
feed 20241023,1,2024-10-23,2024-10-23,0,False,0.0,0.0
feed 20241023 edit,1,2024-10-23,2024-10-23,0,False,0.0,0.0
feed 20241030,1,2024-10-30,2024-10-30,0,False,0.0,0.0
feed 20241218,1,2024-12-18,2024-12-18,0,False,0.0,0.0
feed 20241218 novox,1,2024-12-18,2024-12-18,0,False,0.0,0.0
feed 20250211,1,2025-02-11,2025-02-11,0,False,0.0,0.0
feed 20250319,1,2025-03-19,2025-03-19,0,False,0.0,0.0
feed me 20230830,1,2023-08-30,2023-08-30,0,False,269.609775,0.07489160416666667
fly ballerina 20190928,1,2019-09-28,2019-09-28,1,False,332.0,0.09222222222222222
fly ballerina 20191020,1,2019-10-19,2019-10-19,1,False,242.0,0.06722222222222222
fly ballerina 20191109,1,2019-11-09,2019-11-09,0,False,298.87702947845804,0.08302139707734946
freak 20190914,1,2019-09-14,2019-09-14,1,False,196.1204081632653,0.05447789115646258
freak 20190928,1,2019-09-28,2019-09-28,1,False,192.5,0.05347222222222222
freak 20191019,1,2019-10-19,2019-10-19,1,False,193.5,0.05375
freak 20191116,1,2019-11-16,2019-11-16,0,False,218.45333333333332,0.060681481481481475
freak 20191214,1,2019-12-14,2019-12-14,0,False,210.5,0.058472222222222224
freedom 20190914,1,2019-09-14,2019-09-14,1,False,207.0,0.0575
freedom 20191019,1,2019-10-19,2019-10-19,1,False,201.0,0.05583333333333333
freedom 20191109,1,2019-11-09,2019-11-09,0,False,206.31721088435373,0.05731033635676493
freedom 20191116,1,2019-11-16,2019-11-16,0,False,213.99510204081636,0.05944308390022677
freedom 20191214,1,2019-12-14,2019-12-14,0,False,212.5,0.059027777777777776
freedom 20200215,1,2020-02-15,2020-02-15,0,False,190.8294557823129,0.053008182161753584
freedom 20200822,1,2020-08-22,2020-08-22,0,False,211.06780045351476,0.05862994457042077
freedom 20200905,1,,,0,False,354.88467120181406,0.09857907533383724
freedom instrumental,1,2020-02-29,2020-02-29,0,False,245.48931972789117,0.06819147770219199
full set 20240529,1,2024-05-29,2024-05-29,0,False,0.0,0.0
glad,1,,,0,False,0.0,0.0
glad 20201017,1,2020-10-17,2020-10-17,0,False,348.23163265306124,0.09673100907029479
glad 20201107,1,2020-11-07,2020-11-07,0,False,393.51961451247166,0.10931100403124212
glad 20201125,1,2020-11-25,2020-11-25,0,False,340.52659863945576,0.09459072184429326
glad 20201202 1,1,2020-12-02,2020-12-02,0,False,332.8504988662132,0.09245847190728143
glad 20201202 2,1,2020-12-02,2020-12-02,0,False,320.46716553287985,0.08901865709246662
glad 20201219,1,2020-12-19,2020-12-19,0,False,354.15074829931973,0.09837520786092215
glad 20210113,1,2021-01-13,2021-01-13,0,False,373.0360544217687,0.10362112622826909
glad 20210116,1,2021-01-16,2021-01-16,0,False,341.10138321995464,0.09475038422776517
glad 20210120,1,2021-01-20,2021-01-20,0,False,347.96360544217686,0.09665655706727135
glad 20210210,1,2021-02-10,2021-02-10,0,False,360.9904988662132,0.10027513857394811
glad 20210217,1,,,0,False,370.15562358276645,0.10282100655076847
glad 20210225,1,2021-02-25,2021-02-25,0,False,370.2012244897959,0.10283367346938775
glad 20210303,1,2021-03-03,2021-03-03,0,False,372.0034013605442,0.10333427815570673
glad 20210308,1,2021-03-08,2021-03-08,0,False,380.1396371882086,0.10559434366339128
glad 20210313,1,,,0,False,367.0004761904762,0.10194457671957673
glad 20210317,1,2021-03-17,2021-03-17,0,False,385.3368027210884,0.1070380007558579
glad 20210321,1,,,0,False,362.1419727891157,0.10059499244142103
glad 20210331,1,2021-03-31,2021-03-31,0,False,355.2838321995465,0.09868995338876292
glad 20210408,1,2021-04-08,2021-04-08,0,False,373.6603401360544,0.10379453892668178
glad 20210414,1,2021-04-14,2021-04-14,0,False,356.29716553287983,0.0989714348702444
glad 20210422,1,2021-04-22,2021-04-22,0,False,378.4774603174603,0.1051326278659612
glad 20210512,1,2021-05-12,2021-05-12,0,False,377.317641723356,0.10481045603426556
glad 20210519,1,,,0,False,224.29750566893424,0.06230486268581507
glad 20210526,1,2021-05-26,2021-05-26,0,False,287.537641723356,0.07987156714537666
glad 20210603,1,,,0,False,275.22269841269843,0.0764507495590829
glad 20210609,1,2021-06-09,2021-06-09,0,False,296.56657596371883,0.08237960443436634
glad 20210623,1,2021-06-23,2021-06-23,0,False,297.7385941043084,0.08270516502897456
glad 20210707,1,2021-07-07,2021-07-07,0,False,282.7691156462585,0.07854697656840515
glad 20210722,1,2021-07-22,2021-07-22,0,False,282.65907029478456,0.07851640841521793
glad 20210724,1,2021-07-24,2021-07-24,0,False,273.31480725623584,0.07592077979339884
glad 20210731,1,,,0,False,259.101746031746,0.07197270723104056
glad 20210805,1,2021-08-05,2021-08-05,0,False,274.1407936507936,0.07615022045855378
glad 20210812,1,2021-08-12,2021-08-12,0,False,275.6195918367347,0.0765609977324263
glad 20210819,1,2021-08-19,2021-08-19,0,False,285.40197278911563,0.07927832577475434
glad 20210914,1,2021-09-14,2021-09-14,0,False,279.3562131519274,0.07759894809775762
glad 20211006,1,2021-10-06,2021-10-06,0,False,275.5656916099773,0.07654602544721592
glad 20211026,1,2021-10-26,2021-10-26,0,False,264.352970521542,0.07343138070042833
glad 20211101,1,2021-11-01,2021-11-01,0,False,278.5601814058957,0.07737782816830437
glad 20230405,1,2023-04-05,2023-04-05,0,False,278.64544217687074,0.07740151171579743
glad 20231011,1,2023-10-11,2023-10-11,0,False,275.2594557823129,0.07646095993953136
glad 20231101,1,2023-11-01,2023-11-01,0,False,273.64197278911564,0.07601165910808767
glad 20240423,1,2024-04-23,2024-04-23,0,False,276.80956916099774,0.07689154698916603
going places 20201114,1,,,0,False,331.00857142857143,0.0919468253968254
going places 20201125,1,2020-11-25,2020-11-25,0,False,334.8509977324263,0.09301416603678508
guitar clean,1,,,0,False,0.0,0.0
guitar effects,1,,,0,False,0.0,0.0
hats,1,,,0,False,0.0,0.0
haze 20221206,1,2023-12-06,2023-12-06,0,False,319.0154648526077,0.08861540690350214
haze 20230823,1,2023-08-23,2023-08-23,0,False,338.155075,0.09393196527777778
haze 20230830,1,2023-08-30,2023-08-30,0,False,343.457925,0.09540497916666667
haze 20230905,1,2023-09-05,2023-09-05,0,False,323.13465,0.08975962500000001
haze 20230927,1,2023-09-27,2023-09-27,0,False,318.8978911564626,0.08858274754346183
haze 20231011,1,2023-10-11,2023-10-11,0,False,311.14916099773245,0.08643032249937012
haze 20231101,1,2023-11-01,2023-11-01,0,False,319.3428117913832,0.08870633660871756
haze 20240403,1,2024-04-03,2024-04-03,0,False,336.8399319727891,0.0935666477702192
haze 20240410 no vox,1,2024-04-10,2024-04-10,0,False,333.0172562358277,0.09250479339884102
haze 20240417,1,2024-04-17,2024-04-17,0,False,346.524716553288,0.09625686570924666
haze 20240423,1,2024-04-23,2024-04-23,0,False,313.9530158730159,0.08720917107583774
haze 20240423 edit,1,2024-04-23,2024-04-23,0,False,262.6430385487528,0.07295639959687579
haze 20240508,1,2024-05-08,2024-05-08,0,False,247.92655328798185,0.0688684870244394
haze 20240515,1,2024-05-15,2024-05-15,0,False,0.0,0.0
haze 20240522,1,2024-05-22,2024-05-22,0,False,0.0,0.0
haze 20240821,1,2024-08-21,2024-08-21,0,False,248.75918367346935,0.06909977324263038
haze 20240911,1,2024-09-11,2024-09-11,0,False,0.0,0.0
haze 20240918,1,2024-09-18,2024-09-18,0,False,0.0,0.0
haze 20241002,1,2024-10-02,2024-10-02,0,False,0.0,0.0
haze 20241009,1,2024-10-09,2024-10-09,0,False,0.0,0.0
haze 20241023,1,2024-10-23,2024-10-23,0,False,0.0,0.0
haze 20241128,1,2024-11-28,2024-11-28,0,False,0.0,0.0
haze 20241218,1,2024-12-18,2024-12-18,0,False,0.0,0.0
haze 20241218 novox,1,2024-12-18,2024-12-18,0,False,0.0,0.0
haze 20241218 remix,1,2024-12-18,2024-12-18,0,False,0.0,0.0
haze 20250211,1,2025-02-11,2025-02-11,0,False,0.0,0.0
haze 20250319,1,2025-03-19,2025-03-19,0,False,0.0,0.0
haze demo 2024 2,1,2024-09-11,2024-09-11,0,False,214.230175,0.059508381944444445
haze guitars 20241128,1,2024-11-28,2024-11-28,0,False,0.0,0.0
haze working 20241030,1,2024-10-30,2024-10-30,0,False,0.0,0.0
hollywood 20190831,1,2019-08-31,2019-08-31,0,False,314.33679166666667,0.08731577546296296
hollywood 20190928,1,2019-09-28,2019-09-28,1,False,290.0,0.08055555555555556
hollywood 20191109,1,2019-11-09,2019-11-09,0,False,286.3374149659864,0.0795381708238851
hollywood 20191116,1,2019-11-16,2019-11-16,0,False,298.70149659863944,0.08297263794406651
hollywood 20191214,1,2019-12-14,2019-12-14,0,False,289.5,0.08041666666666666
i believe 20191102,1,2019-11-02,2019-11-02,0,False,278.5,0.07736111111111112
i believe 20191116,1,2019-11-16,2019-11-16,0,False,289.78503401360547,0.08049584278155708
i believe a 20190831,1,2019-08-31,2019-08-31,0,False,271.9922916666667,0.07555341435185185
i believe b 20190831 long intro 1min,1,2019-08-31,2019-08-31,0,False,316.58329166666664,0.08793980324074073
in the zone 20230524,1,2023-05-24,2023-05-24,0,False,158.093025,0.04391472916666667
in the zone 20230607,1,2023-06-07,2023-06-07,0,False,147.74855,0.04104126388888889
in the zone 20230628,1,2023-06-28,2023-06-28,0,False,152.032625,0.04223128472222222
insane,1,2023-06-21,2023-06-21,0,False,304.7781179138322,0.08466058830939784
insane 20200516,1,2020-05-16,2020-05-16,0,False,286.8769387755102,0.07968803854875284
insane 20200523,1,2020-05-23,2020-05-23,0,False,312.3161678004535,0.08675449105568153
insane 20200606,1,2020-06-06,2020-06-06,0,False,281.9291609977324,0.07831365583270346
insane 20200620,1,2020-06-20,2020-06-20,0,False,258.57349206349204,0.07182597001763667
insane 20200627,1,2020-06-27,2020-06-27,0,False,261.1792970521542,0.0725498047367095
insane 20200704,1,2020-07-04,2020-07-04,0,False,258.9849206349206,0.07194025573192239
insane 20200725,1,2020-07-25,2020-07-25,0,False,261.7397959183673,0.07270549886621314
insane 20200801,1,2020-08-01,2020-08-01,0,False,283.4692063492064,0.07874144620811288
insane 20200808,1,2020-08-08,2020-08-08,0,False,268.3581179138322,0.07454392164273116
insane 20200822,1,2020-08-22,2020-08-22,0,False,299.0155555555556,0.08305987654320988
insane 20200912,1,2020-09-12,2020-09-12,0,False,305.4324943310657,0.08484235953640713
insane 20201010 01,1,2020-10-10,2020-10-10,0,False,286.0392970521542,0.07945536029226506
insane 20201010 02,1,2020-10-10,2020-10-10,0,False,291.9668027210884,0.08110188964474678
insane 20201017,1,2020-10-17,2020-10-17,0,False,289.5456462585034,0.08042934618291761
insane 20201022 camfield,1,,,0,False,288.48578231292515,0.0801349395313681
insane 20201107,1,2020-11-07,2020-11-07,0,False,316.95773242630383,0.08804381456286217
insane 20201125,1,2020-11-25,2020-11-25,0,False,283.2073015873016,0.07866869488536155
insane 20201202,1,2020-12-02,2020-12-02,0,False,286.3113832199546,0.07953093978332072
insane 20201219,1,2020-12-19,2020-12-19,0,False,275.4509523809524,0.07651415343915345
insane 20210113,1,2021-01-13,2021-01-13,0,False,290.5435600907029,0.0807065444696397
insane 20210116,1,2021-01-16,2021-01-16,0,False,282.64861678004536,0.07851350466112371
insane 20210120,1,2021-01-20,2021-01-20,0,False,270.3848526077098,0.07510690350214161
insane 20210210,1,2021-02-10,2021-02-10,0,False,282.91702947845806,0.07858806374401613
insane 20210225,1,2021-02-25,2021-02-25,0,False,304.3229931972789,0.08453416477702191
insane 20210303,1,2021-03-03,2021-03-03,0,False,316.7665306122449,0.0879907029478458
insane 20210308,1,2021-03-08,2021-03-08,0,False,289.44326530612244,0.08040090702947846
insane 20210313,1,,,0,False,272.08655328798187,0.07557959813555051
insane 20210317,1,2021-03-17,2021-03-17,0,False,304.8755328798186,0.08468764802217184
insane 20210321,1,,,0,False,289.2239682539683,0.08033999118165785
insane 20210324,1,2021-03-24,2021-03-24,0,False,319.1013605442177,0.08863926681783825
insane 20210331,1,2021-03-31,2021-03-31,0,False,264.2931292517007,0.07341475812547242
insane 20210408,1,2021-04-08,2021-04-08,0,False,308.9134693877552,0.08580929705215422
insane 20210414,1,2021-04-14,2021-04-14,0,False,296.32335600907027,0.08231204333585285
insane 20210422,1,2021-04-22,2021-04-22,0,False,287.1305215419501,0.07975847820609724
insane 20210512,1,2021-05-12,2021-05-12,0,False,294.5654421768708,0.08182373393801967
insane 20210526,1,2021-05-26,2021-05-26,0,False,303.51385487528347,0.08430940413202319
insane 20210603,1,,,0,False,287.7560090702948,0.07993222474174855
insane 20210609,1,2021-06-09,2021-06-09,0,False,329.8671428571429,0.09162976190476191
insane 20210707,1,2021-07-07,2021-07-07,0,False,315.60378684807256,0.08766771856890905
insane 20210722,1,2021-07-22,2021-07-22,0,False,306.04154195011336,0.08501153943058705
insane 20210805,1,2021-08-05,2021-08-05,0,False,300.4003628117914,0.08344454522549762
insane 20210824,1,2021-08-24,2021-08-24,0,False,277.5261678004535,0.07709060216679264
insane 20210914,1,2021-09-14,2021-09-14,0,False,309.33145124716555,0.08592540312421265
insane 20210928,1,2021-09-28,2021-09-28,0,False,303.6231292517007,0.08433975812547241
insane 20211006,1,2021-10-06,2021-10-06,0,False,298.02197278911564,0.0827838813303099
insane 20211013,1,2021-10-13,2021-10-13,0,False,282.215873015873,0.07839329805996473
insane 20211101,1,2021-11-01,2021-11-01,0,False,319.6808390022676,0.08880023305618544
insane 20220928,1,2022-09-28,2022-09-28,0,False,313.23310657596375,0.08700919627110104
insane 20221005,1,2022-10-05,2022-10-05,0,False,319.2112698412698,0.0886697971781305
insane 20230315,1,2023-03-15,2023-03-15,0,False,316.767029478458,0.0879908415217939
insane 20230405,1,2023-04-05,2023-04-05,0,False,316.4201360544218,0.08789448223733938
insane 20230419,1,2023-04-19,2023-04-19,0,False,328.0718,0.09113105555555555
insane 20230927,1,2023-09-27,2023-09-27,0,False,291.5324036281179,0.08098122323003275
insane 20231011,1,2023-10-11,2023-10-11,0,False,334.4683446712018,0.09290787351977828
insane 20231101,1,2023-11-01,2023-11-01,0,False,320.29770975056687,0.08897158604182413
insane 20240403,1,2024-04-03,2024-04-03,0,False,319.6582993197279,0.08879397203325776
insane 20240417,1,2024-04-17,2024-04-17,0,False,292.7265306122449,0.08131292517006804
insane 20240423,1,2024-04-23,2024-04-23,0,False,320.64020408163265,0.08906672335600907
jan guitar clean,1,2025-03-19,2025-03-19,0,False,0.0,0.0
jan guitar dirty,1,2025-03-19,2025-03-19,0,False,0.0,0.0
kick,1,,,0,False,0.0,0.0
life 20200307,1,2020-03-07,2020-03-07,1,False,321.853537414966,0.08940376039304611
life 20200502,1,2020-05-02,2020-05-02,0,False,290.48503401360546,0.08069028722600152
life 20200613,1,2020-06-13,2020-06-13,0,False,218.5607709750567,0.06071132527084908
life 20200620,1,2020-06-20,2020-06-20,0,False,194.9524036281179,0.05415344545225497
life 20200627,1,2020-06-27,2020-06-27,0,False,199.95655328798185,0.055543487024439404
life 20200704,1,2020-07-04,2020-07-04,0,False,201.31907029478455,0.05592196397077349
life 20200725,1,2020-07-25,2020-07-25,0,False,212.98263038548757,0.059161841773746546
life 20200801,1,2020-08-01,2020-08-01,0,False,201.8492063492064,0.05606922398589067
life 20200808,1,2020-08-08,2020-08-08,0,False,209.8145578231293,0.058281821617535916
life 20200822,1,2020-08-22,2020-08-22,0,False,226.09984126984128,0.0628055114638448
life 20200912,1,2020-09-12,2020-09-12,0,False,208.97861678004531,0.05804961577223481
life 20201010 01,1,2020-10-10,2020-10-10,0,False,211.0953968253968,0.05863761022927689
life 20201010 02,1,2020-10-10,2020-10-10,0,False,209.7409523809524,0.05826137566137567
life 20201014,1,,,0,False,227.1306349206349,0.06309184303350969
life 20201017,1,2020-10-17,2020-10-17,0,False,230.15891156462584,0.06393303099017385
life 20201022 camfield,1,,,0,False,227.16206349206348,0.06310057319223986
life 20201104 rosemount,1,,,0,False,224.20662131519276,0.06227961703199799
life 20201107,1,2020-11-07,2020-11-07,0,False,223.65648526077095,0.062126801461325265
life 20201125,1,2020-11-25,2020-11-25,0,False,209.89244897959185,0.058303458049886625
life 20201202,1,2020-12-02,2020-12-02,0,False,208.93056689342404,0.05803626858150668
life 20201219,1,2020-12-19,2020-12-19,0,False,210.5044897959184,0.05847346938775511
life 20210113,1,2021-01-13,2021-01-13,0,False,210.45580498866207,0.05845994583018391
life 20210116,1,2021-01-16,2021-01-16,0,False,199.73027210884356,0.05548063114134544
life 20210120,1,2021-01-20,2021-01-20,0,False,199.1679818594104,0.05532443940539177
life 20210210,1,2021-02-10,2021-02-10,0,False,203.12773242630385,0.056424370118417735
life 20210217,1,,,0,False,222.0055782312925,0.06166821617535903
life 20210225,1,2021-02-25,2021-02-25,0,False,216.198231292517,0.06005506424792139
life 20210308,1,2021-03-08,2021-03-08,0,False,219.8998412698413,0.06108328924162258
life 20210317,1,2021-03-17,2021-03-17,0,False,231.6557596371882,0.06434882212144116
life 20210331,1,2021-03-31,2021-03-31,0,False,206.57380952380956,0.05738161375661377
life 20210408,1,2021-04-08,2021-04-08,0,False,218.28004535147392,0.06063334593096498
life 20210414,1,2021-04-14,2021-04-14,0,False,216.29469387755103,0.06008185941043084
life 20210526,1,2021-05-26,2021-05-26,0,False,217.4671882086168,0.060407552280171334
life 20210609,1,2021-06-09,2021-06-09,0,False,237.9855328798186,0.06610709246661628
life 20210623,1,2021-06-23,2021-06-23,0,False,229.0443764172336,0.063623437893676
life 20210707,1,2021-07-07,2021-07-07,0,False,228.39301587301588,0.06344250440917108
life 20210722,1,2021-07-22,2021-07-22,0,False,237.2559410430839,0.06590442806752331
life 20210805,1,2021-08-05,2021-08-05,0,False,234.2756689342404,0.06507657470395567
life 20210819,1,2021-08-19,2021-08-19,0,False,222.9739909297052,0.06193721970269589
life 20210824,1,2021-08-24,2021-08-24,0,False,210.7762358276644,0.05854895439657345
life 20210831,1,2021-08-31,2021-08-31,0,False,222.2995464852608,0.06174987402368356
life 20210902,1,,,0,False,221.85761904761904,0.0616271164021164
life 20210914,1,2021-09-14,2021-09-14,0,False,233.7369387755102,0.06492692743764172
life 20211004,1,,,0,False,217.6124036281179,0.06044788989669942
life 20211013,1,2021-10-13,2021-10-13,0,False,225.902925170068,0.0627508125472411
life 20211026,1,2021-10-26,2021-10-26,0,False,233.71850340136052,0.06492180650037792
life 20211101,1,2021-11-01,2021-11-01,0,False,247.370612244898,0.06871405895691611
life 20230315,1,2023-03-15,2023-03-15,0,False,237.05993197278912,0.06584998110355253
loved and lost 20200229,1,2020-02-29,2020-02-29,0,False,329.0830158730159,0.09141194885361552
loved and lost 202003014,1,2020-03-14,2020-03-14,1,False,326.44759637188207,0.09067988788107835
loved and lost 202003014v1,1,2020-03-14,2020-03-14,0,False,310.8845351473923,0.08635681531872008
loved and lost 202003014v2,1,2020-03-14,2020-03-14,0,False,315.19204081632654,0.08755334467120182
loved and lost 20200502,1,2020-05-02,2020-05-02,0,False,329.6691383219955,0.09157476064499875
loved and lost 20200516,1,2020-05-16,2020-05-16,0,False,341.25673469387755,0.09479353741496599
loved and lost 20200523,1,2020-05-23,2020-05-23,0,False,325.8428798185941,0.09051191106072058
loved and lost 20200606,1,2020-06-06,2020-06-06,0,False,324.68634920634923,0.09019065255731923
loved and lost 20200620,1,2020-06-20,2020-06-20,0,False,351.9966439909297,0.09777684555303603
loved and lost 20200627,1,2020-06-27,2020-06-27,0,False,313.42764172335603,0.08706323381204334
loved and lost 20200704,1,2020-07-04,2020-07-04,0,False,325.5426530612245,0.09042851473922903
loved and lost 20200725,1,2020-07-25,2020-07-25,0,False,328.9807256235828,0.09138353489543967
loved and lost 20200801,1,2020-08-01,2020-08-01,0,False,296.93485260770973,0.08248190350214159
loved and lost 20200808,1,2020-08-08,2020-08-08,0,False,336.87902494331064,0.0935775069286974
loved and lost 20200822,1,2020-08-22,2020-08-22,0,False,318.49786848072563,0.0884716301335349
loved and lost 20200912,1,2020-09-12,2020-09-12,0,False,317.1767346938776,0.08810464852607712
loved and lost 20201017mp3,1,2020-10-17,2020-10-17,0,False,340.1609523809524,0.09448915343915344
loved and lost 20201107,1,2020-11-07,2020-11-07,0,False,353.50102040816324,0.09819472789115645
loved and lost 20201125,1,2020-11-25,2020-11-25,0,False,325.6100453514739,0.09044723481985387
loved and lost 20201202,1,2020-12-02,2020-12-02,0,False,316.37079365079364,0.08788077601410935
loved and lost 20201219,1,2020-12-19,2020-12-19,0,False,320.3889342403628,0.08899692617787855
loved and lost 20210113,1,2021-01-13,2021-01-13,0,False,315.6702040816327,0.08768616780045352
loved and lost 20210116,1,2021-01-16,2021-01-16,0,False,342.5550566893424,0.09515418241370623
loved and lost 20210120,1,2021-01-20,2021-01-20,0,False,342.0968934240363,0.09502691484001008
loved and lost 20210210,1,2021-02-10,2021-02-10,0,False,324.44580498866213,0.09012383471907282
loved and lost 20210217,1,,,0,False,354.26421768707485,0.09840672713529856
loved and lost 20210225,1,2021-02-25,2021-02-25,0,False,332.6781632653061,0.09241060090702947
loved and lost 20210308,1,2021-03-08,2021-03-08,0,False,326.97031746031746,0.09082508818342151
loved and lost 20210317,1,2021-03-17,2021-03-17,0,False,341.0467346938776,0.09473520408163268
loved and lost 20210331,1,2021-03-31,2021-03-31,0,False,323.2952380952381,0.08980423280423282
loved and lost 20210408,1,2021-04-08,2021-04-08,0,False,314.98555555555555,0.08749598765432098
loved and lost 20210414,1,2021-04-14,2021-04-14,0,False,316.03503401360547,0.08778750944822374
loved and lost 20210609,1,2021-06-09,2021-06-09,0,False,360.0402947845805,0.10001119299571681
loved and lost 20210623,1,2021-06-23,2021-06-23,0,False,341.5202721088435,0.09486674225245653
loved and lost 20210707,1,2021-07-07,2021-07-07,0,False,337.4485941043084,0.09373572058453011
loved and lost 20210722,1,2021-07-22,2021-07-22,0,False,346.1254421768708,0.0961459561602419
loved and lost 20210724,1,2021-07-24,2021-07-24,0,False,324.8163038548753,0.0902267510707987
loved and lost 20210731,1,,,0,False,326.4241950113379,0.0906733875031494
loved and lost 20210805,1,2021-08-05,2021-08-05,0,False,333.8757823129252,0.09274327286470144
loved and lost 20210812,1,2021-08-12,2021-08-12,0,False,342.97079365079367,0.09526966490299824
loved and lost 20210819,1,2021-08-19,2021-08-19,0,False,337.8837188208617,0.09385658856135047
loved and lost 20210914,1,2021-09-14,2021-09-14,0,False,344.50972789115644,0.09569714663643235
loved and lost 20211013,1,2021-10-13,2021-10-13,0,False,320.5689342403628,0.08904692617787856
loved and lost 20211101,1,2021-11-01,2021-11-01,0,False,349.3124036281179,0.09703122323003276
ls alan,1,,,0,False,483.767,0.13437972222222222
march guitar clean,1,2025-03-19,2025-03-19,0,False,0.0,0.0
march guitar dirty,1,2025-03-19,2025-03-19,0,False,0.0,0.0
maybe 20190928,1,2019-09-28,2019-09-28,1,False,277.0,0.07694444444444444
maybe 20191019,1,2019-10-19,2019-10-19,1,False,275.0,0.0763888888888889
maybe 20191102,1,2019-11-02,2019-11-02,0,False,272.0,0.07555555555555556
maybe 20191116,1,2019-11-16,2019-11-16,0,False,280.86857142857144,0.07801904761904763
maybe 20191214,1,2019-12-14,2019-12-14,0,False,282.0,0.07833333333333334
maybe 20200215,1,2020-02-15,2020-02-15,0,False,271.5798639455782,0.07543885109599395
maybe 20200314,1,2020-03-14,2020-03-14,1,False,306.785328798186,0.085218146888385
maybe instrumental 20200229,1,2020-02-29,2020-02-29,0,False,315.6085260770975,0.08766903502141597
mazzy,1,,,0,False,110.74,0.03076111111111111
mazzy 20221130,1,2022-11-30,2022-11-30,0,False,271.72687074829935,0.07547968631897205
mediocre,1,2023-06-21,2023-06-21,0,False,301.25727891156464,0.08368257747543462
mediocre 20210623,1,2021-06-23,2021-06-23,0,False,478.9460317460317,0.1330405643738977
mediocre 20220928,1,2022-09-28,2022-09-28,0,False,295.03979591836736,0.08195549886621316
mediocre 20221005,1,2022-10-05,2022-10-05,0,False,307.6954421768708,0.08547095616024189
mediocre 20230315,1,2023-03-15,2023-03-15,0,False,310.32839002267576,0.08620233056185438
mediocre 20230405,1,2023-04-05,2023-04-05,0,False,313.723537414966,0.08714542705971279
mediocre 20230419,1,2023-04-19,2023-04-19,0,False,304.065275,0.08446257638888889
mediocre 20231011,1,2023-10-11,2023-10-11,0,False,313.9253514739229,0.08720148652053414
mediocre 20231101,1,2023-11-01,2023-11-01,0,False,334.015306122449,0.09278202947845805
mediocre 20240403,1,2024-04-03,2024-04-03,0,False,323.4478684807256,0.08984663013353489
mediocre 20240417,1,2024-04-17,2024-04-17,0,False,344.6499546485261,0.09573609851347947
mediocre 20240423,1,2024-04-23,2024-04-23,0,False,345.63891156462586,0.09601080876795162
mediocre life 20210923,1,2021-09-23,2021-09-23,0,False,300.6003628117914,0.08350010078105316
mediocre life 20210928,1,2021-09-28,2021-09-28,0,False,301.43464852607707,0.08373184681279919
mediocre life 20211006,1,2021-10-06,2021-10-06,0,False,316.1323129251701,0.0878145313681028
mediocre life 20211013,1,2021-10-13,2021-10-13,0,False,304.05972789115646,0.08446103552532123
mediocre life 20211101,1,2021-11-01,2021-11-01,0,False,299.4904308390023,0.0831917863441673
mediocre life 20211201,1,2021-12-01,2021-12-01,0,False,312.19428571428574,0.08672063492063493
mirror,1,2023-06-21,2023-06-21,0,False,234.2864172335601,0.06507956034265558
mirror 20200905,1,,,0,False,842.0662358276644,0.23390728772990677
mirror 20201114,1,,,0,False,371.8370068027211,0.1032880574452003
mirror 20201125,1,2020-11-25,2020-11-25,0,False,331.7792743764172,0.09216090954900479
mirror 20201202,1,2020-12-02,2020-12-02,0,False,326.7012925170068,0.09075035903250188
mirror 20201219,1,2020-12-19,2020-12-19,0,False,361.58113378684806,0.10043920382968001
mirror 20210113,1,2021-01-13,2021-01-13,0,False,260.2010657596372,0.07227807382212144
mirror 20210116,1,2021-01-16,2021-01-16,0,False,255.49761904761905,0.07097156084656085
mirror 20210120,1,2021-01-20,2021-01-20,0,False,258.6751473922902,0.0718542076089695
mirror 20210210,1,2021-02-10,2021-02-10,0,False,269.17562358276643,0.07477100655076846
mirror 20210217,1,,,0,False,301.99818594104306,0.08388838498362307
mirror 20210225,1,2021-02-25,2021-02-25,0,False,286.50201814058954,0.07958389392794155
mirror 20210303,1,2021-03-03,2021-03-03,0,False,298.33675736961453,0.0828713214915596
mirror 20210308,1,2021-03-08,2021-03-08,0,False,289.46489795918365,0.08040691609977324
mirror 20210317,1,2021-03-17,2021-03-17,0,False,299.51598639455784,0.0831988851095994
mirror 20210331,1,2021-03-31,2021-03-31,0,False,260.1269841269841,0.07225749559082892
mirror 20210408,1,2021-04-08,2021-04-08,0,False,276.13081632653063,0.0767030045351474
mirror 20210414,1,2021-04-14,2021-04-14,0,False,247.6732426303855,0.06879812295288486
mirror 20210422,1,2021-04-22,2021-04-22,0,False,276.56419501133786,0.0768233875031494
mirror 20210512,1,2021-05-12,2021-05-12,0,False,278.3940589569161,0.07733168304358781
mirror 20210519,1,,,0,False,259.86551020408166,0.07218486394557824
mirror 20210526,1,2021-05-26,2021-05-26,0,False,291.60267573696143,0.08100074326026706
mirror 20210609,1,2021-06-09,2021-06-09,0,False,293.4609977324263,0.08151694381456286
mirror 20210623,1,2021-06-23,2021-06-23,0,False,252.8279365079365,0.0702299823633157
mirror 20210707,1,2021-07-07,2021-07-07,0,False,236.90510204081636,0.06580697278911565
mirror 20210722,1,2021-07-22,2021-07-22,0,False,270.2683219954649,0.07507453388762914
mirror 20210805,1,2021-08-05,2021-08-05,0,False,322.9892063492064,0.08971922398589068
mirror 20210824,1,2021-08-24,2021-08-24,0,False,231.67712018140588,0.06435475560594608
mirror 20210831,1,2021-08-31,2021-08-31,0,False,249.70920634920637,0.0693636684303351
mirror 20210902,1,,,0,False,222.84571428571428,0.0619015873015873
mirror 20210914,1,2021-09-14,2021-09-14,0,False,246.37167800453517,0.068436577223482
mirror 20210928,1,2021-09-28,2021-09-28,0,False,234.9243537414966,0.0652567649281935
mirror 20211004,1,,,0,False,247.75396825396825,0.0688205467372134
mirror 20211026,1,2021-10-26,2021-10-26,0,False,224.8604081632653,0.062461224489795915
mirror 20211101,1,2021-11-01,2021-11-01,0,False,241.9910884353741,0.06721974678760392
mirror 20220928,1,2022-09-28,2022-09-28,0,False,231.70467120181405,0.06436240866717056
mirror 20221005,1,2022-10-05,2022-10-05,0,False,233.70183673469387,0.0649171768707483
mirror 20230315,1,2023-03-15,2023-03-15,0,False,245.11392290249432,0.06808720080624843
mirror 20230405,1,2023-04-05,2023-04-05,0,False,244.1622448979592,0.06782284580498867
mirror 20230510,1,2023-05-10,2023-05-10,0,False,248.05875,0.06890520833333333
mirror 20230927,1,2023-09-27,2023-09-27,0,False,217.0377097505669,0.06028825270849081
mirror 20231101,1,2023-11-01,2023-11-01,0,False,235.65074829931973,0.06545854119425548
mirror 20240403,1,2024-04-03,2024-04-03,0,False,228.053537414966,0.06334820483749055
mirror 20240417,1,2024-04-17,2024-04-17,0,False,227.5343990929705,0.06320399974804736
mirror 20240423,1,2024-04-23,2024-04-23,0,False,235.0833106575964,0.06530091962711011
mirror 20241002,1,2024-10-02,2024-10-02,0,False,0.0,0.0
mirror 20241009,1,2024-10-09,2024-10-09,0,False,0.0,0.0
mirror 20241023,1,2024-10-23,2024-10-23,0,False,0.0,0.0
mirror 20241030,1,2024-10-30,2024-10-30,0,False,0.0,0.0
mirror 20241128,1,2024-11-28,2024-11-28,0,False,0.0,0.0
mirror 20241218,1,2024-12-18,2024-12-18,0,False,0.0,0.0
mirror 20241218 novox,1,2024-12-18,2024-12-18,0,False,0.0,0.0
mirror 20241218 remix,1,2024-12-18,2024-12-18,0,False,0.0,0.0
mirror 20250211,1,2025-02-11,2025-02-11,0,False,0.0,0.0
mirror jan and march guitars,1,2025-03-19,2025-03-19,0,False,0.0,0.0
mirror rw demo,1,,,0,False,104.23292517006804,0.028953590325018902
mirrot 20231011,1,2023-10-11,2023-10-11,0,False,227.4595011337869,0.06318319475938525
never,1,2023-06-21,2023-06-21,0,False,309.98149659863947,0.08610597127739986
never 20220928,1,2022-09-28,2022-09-28,0,False,315.18666666666667,0.08755185185185185
never 20221005,1,2022-10-05,2022-10-05,0,False,355.1795918367347,0.0986609977324263
never 20230315,1,2023-03-15,2023-03-15,0,False,328.74786848072563,0.09131885235575712
never 20230405,1,2023-04-05,2023-04-05,0,False,349.1129931972789,0.09697583144368858
never 20230419,1,2023-04-19,2023-04-19,0,False,328.0718,0.09113105555555555
never 20230510 new,1,2023-05-10,2023-05-10,0,False,0.0,0.0
never 20230927,1,2023-09-27,2023-09-27,0,False,296.7838321995465,0.08243995338876292
never 20231011,1,2023-10-11,2023-10-11,0,False,309.0921315192744,0.08585892542202067
never 20231101,1,2023-11-01,2023-11-01,0,False,329.6325396825397,0.09156459435626102
never 2024003,1,2024-04-03,2024-04-03,0,False,352.79884353741494,0.09799967876039303
never 2024010 no vox,1,2024-04-10,2024-04-10,0,False,369.5396825396825,0.10264991181657847
never 20240417,1,2024-04-17,2024-04-17,0,False,335.75680272108843,0.09326577853363567
never 20240423,1,2024-04-23,2024-04-23,0,False,342.1495238095238,0.0950415343915344
never 20240522,1,2024-05-22,2024-05-22,0,False,0.0,0.0
never 20240821,1,2024-08-21,2024-08-21,0,False,365.812925170068,0.10161470143613001
never over 20200307,1,2020-03-07,2020-03-07,1,False,333.8566666666667,0.09273796296296297
never over 20200314,1,2020-03-14,2020-03-14,1,False,340.4855782312925,0.09457932728647013
never over 20200502,1,2020-05-02,2020-05-02,0,False,275.9159410430839,0.07664331695641219
never over 20200516,1,2020-05-16,2020-05-16,0,False,334.23687074829934,0.09284357520786092
never over 20200523,1,2020-05-23,2020-05-23,0,False,334.7895238095238,0.09299708994708995
never over 20200606,1,2020-06-06,2020-06-06,0,False,295.01820861678004,0.08194950239355
never over 20200620,1,2020-06-20,2020-06-20,0,False,302.62557823129254,0.08406266061980348
never over 20200627,1,2020-06-27,2020-06-27,0,False,297.3718367346939,0.08260328798185941
never over 20200704,1,2020-07-04,2020-07-04,0,False,296.8000226757369,0.08244445074326025
never over 20200725,1,2020-07-25,2020-07-25,0,False,303.5596825396825,0.08432213403880069
never over 20200801,1,2020-08-01,2020-08-01,0,False,310.38795918367344,0.0862188775510204
never over 20200808,1,2020-08-08,2020-08-08,0,False,291.4642630385488,0.08096229528848577
never over 20200822,1,2020-08-22,2020-08-22,0,False,316.7932199546485,0.08799811665406904
never over 20200912,1,2020-09-12,2020-09-12,0,False,303.3954648526077,0.08427651801461325
never over 20201003,1,,,0,False,321.4756462585034,0.08929879062736205
never over 20201010 01,1,2020-10-10,2020-10-10,0,False,283.51390022675736,0.07875386117409927
never over 20201010 02,1,2020-10-10,2020-10-10,0,False,280.68442176870747,0.07796789493575207
never over 20201014,1,,,0,False,330.77591836734695,0.09188219954648526
never over 20201017,1,2020-10-17,2020-10-17,0,False,329.37657596371884,0.09149349332325524
never over 20201022 camfield,1,,,0,False,302.6444671201814,0.08406790753338372
never over 20201104 rosemount,1,,,0,False,326.63451247165534,0.09073180901990426
never over 20201125,1,2020-11-25,2020-11-25,0,False,314.6261451247166,0.08739615142353238
never over 20201202,1,2020-12-02,2020-12-02,0,False,300.8736507936508,0.08357601410934745
never over 20201219,1,2020-12-19,2020-12-19,0,False,297.46732426303856,0.08262981229528849
never over 20210113,1,2021-01-13,2021-01-13,0,False,314.0896598639456,0.08724712773998489
never over 20210116,1,2021-01-16,2021-01-16,0,False,297.6187074829932,0.08267186318972033
never over 20210120,1,2021-01-20,2021-01-20,0,False,298.87773242630385,0.08302159234063995
never over 20210210,1,2021-02-10,2021-02-10,0,False,323.8218594104308,0.08995051650289745
never over 20210217,1,,,0,False,308.1001360544218,0.08558337112622828
never over 20210225,1,2021-02-25,2021-02-25,0,False,312.5602494331065,0.08682229150919625
never over 20210303,1,2021-03-03,2021-03-03,0,False,317.0199546485261,0.08806109851347947
never over 20210308,1,2021-03-08,2021-03-08,0,False,327.05104308390025,0.09084751196775007
never over 20210317,1,2021-03-17,2021-03-17,0,False,339.9148299319728,0.09442078609221467
never over 20210331,1,2021-03-31,2021-03-31,0,False,298.61038548752833,0.0829473293020912
never over 20210408,1,2021-04-08,2021-04-08,0,False,317.62897959183675,0.08823027210884354
never over 20210414,1,2021-04-14,2021-04-14,0,False,311.59321995464853,0.0865536722096246
never over 20210422,1,2021-04-22,2021-04-22,0,False,328.0606349206349,0.09112795414462081
never over 20210512,1,2021-05-12,2021-05-12,0,False,334.3687528344671,0.0928802091206853
never over 20210526,1,2021-05-26,2021-05-26,0,False,321.05702947845805,0.08918250818846057
never over 20210609,1,2021-06-09,2021-06-09,0,False,341.8535827664399,0.0949593285462333
never over 20210623,1,2021-06-23,2021-06-23,0,False,318.4772335600907,0.08846589821113632
never over 20210707,1,2021-07-07,2021-07-07,0,False,325.13281179138323,0.0903146699420509
never over 20210722,1,2021-07-22,2021-07-22,0,False,324.51659863945576,0.09014349962207105
never over 20210805,1,2021-08-05,2021-08-05,0,False,326.47167800453514,0.09068657722348199
never over 20210824,1,2021-08-24,2021-08-24,0,False,318.8325623582766,0.08856460065507683
never over 20210914,1,2021-09-14,2021-09-14,0,False,326.4987301587301,0.09069409171075836
never over 20210928,1,2021-09-28,2021-09-28,0,False,352.73163265306124,0.09798100907029479
never over 20211013,1,2021-10-13,2021-10-13,0,False,310.83274376417233,0.08634242882338121
never over 20211026,1,2021-10-26,2021-10-26,0,False,299.2248752834467,0.08311802091206853
never over 20211101,1,2021-11-01,2021-11-01,0,False,323.06632653061223,0.08974064625850339
never over 20220420,1,2022-04-20,2022-04-20,0,False,431.84433106575966,0.11995675862937769
never over 20220524,1,2022-05-24,2022-05-24,0,False,351.24979591836734,0.09756938775510204
never over mastered2,1,,,0,False,0.0,0.0
never over sonica,1,,,0,False,324.24,0.09006666666666667
new song 01,1,2021-12-01,2021-12-01,0,False,356.31972789115645,0.0989777021919879
new song 01 20211207,1,2021-12-07,2021-12-07,0,False,657.1790929705215,0.1825497480473671
new song 02,1,2021-12-01,2021-12-01,0,False,319.7795918367347,0.08882766439909298
new song 02 20211207,1,2021-12-07,2021-12-07,0,False,593.2086394557823,0.16478017762660618
new song 03,1,2021-12-01,2021-12-01,0,False,476.9577551020408,0.13248826530612243
new song 03 20211201,1,2021-12-07,2021-12-07,0,False,476.9577551020408,0.13248826530612243
new song 04 20220316,1,2022-03-16,2022-03-16,0,False,339.63902494331063,0.09434417359536407
new song 20210526,1,2021-05-26,2021-05-26,0,False,91.8830612244898,0.025523072562358275
new song jam,1,2021-08-24,2021-08-24,0,False,991.5895238095238,0.2754415343915344
ocean blue 20190831,1,2019-08-31,2019-08-31,0,False,193.96454166666663,0.05387903935185184
oceans apart alan,1,,,0,False,428.02166666666665,0.11889490740740741
oerfect 20241128,1,2024-11-28,2024-11-28,0,False,0.0,0.0
passenger 20200215,1,2020-02-15,2020-02-15,0,False,337.90945578231293,0.09386373771730915
passengers 20190831,1,2019-08-31,2019-08-31,0,False,307.64941666666664,0.08545817129629629
passengers 20190914,1,2019-09-14,2019-09-14,1,False,293.0,0.08138888888888889
passengers 20191102,1,2019-11-02,2019-11-02,0,False,297.5,0.08263888888888889
passengers 20191109,1,2019-11-09,2019-11-09,0,False,334.2844897959184,0.09285680272108844
passengers 20191116,1,2019-11-16,2019-11-16,0,False,309.847074829932,0.08606863189720333
passengers 20191214,1,2019-12-14,2019-12-14,0,False,290.5,0.08069444444444444
perfect,1,2023-06-21,2023-06-21,0,False,308.741746031746,0.08576159611992945
perfect 20230315,1,2023-03-15,2023-03-15,0,False,307.598231292517,0.08544395313681029
perfect 20230329,1,2023-03-29,2023-03-29,0,False,299.73485260770974,0.08325968127991937
perfect 20230405,1,2023-04-05,2023-04-05,0,False,337.770566893424,0.09382515747039556
perfect 20230607,1,2023-06-07,2023-06-07,0,False,304.6922,0.08463672222222222
perfect 20230927,1,2023-09-27,2023-09-27,0,False,274.89385487528347,0.07635940413202319
perfect 20231011,1,2023-10-11,2023-10-11,0,False,282.6303174603175,0.07850842151675486
perfect 20231101,1,2023-11-01,2023-11-01,0,False,310.85884353741494,0.08634967876039304
perfect 20240403,1,2024-04-03,2024-04-03,0,False,296.28278911564627,0.08230077475434619
perfect 20240417,1,2024-04-17,2024-04-17,0,False,311.5321995464853,0.08653672209624591
perfect 20240423,1,2024-04-23,2024-04-23,0,False,317.7555555555556,0.08826543209876545
perfect 20240423 edit,1,2024-04-23,2024-04-23,0,False,273.87142857142857,0.07607539682539682
perfect 20240508,1,2024-05-08,2024-05-08,0,False,224.1160090702948,0.06225444696397078
perfect 20240515,1,2024-05-15,2024-05-15,0,False,0.0,0.0
perfect 20240522,1,2024-05-22,2024-05-22,0,False,0.0,0.0
perfect 20241023,1,2024-10-23,2024-10-23,0,False,0.0,0.0
perfect 20241030,1,2024-10-30,2024-10-30,0,False,0.0,0.0
perfect 20241218,1,2024-12-18,2024-12-18,0,False,0.0,0.0
perfect 20241218 novox,1,2024-12-18,2024-12-18,0,False,0.0,0.0
perfect 20250211,1,2025-02-11,2025-02-11,0,False,0.0,0.0
perfect 20250319,1,2025-03-19,2025-03-19,0,False,0.0,0.0
perfect day 20221130,1,2022-11-30,2022-11-30,0,False,292.6246485260771,0.08128462459057698
perfect day 20230208,1,2023-02-08,2023-02-08,0,False,291.53979591836736,0.08098327664399094
perfect day 20230215,1,2023-02-15,2023-02-15,0,False,304.81108843537413,0.08466974678760393
perfect day 20230510,1,2023-05-10,2023-05-10,0,False,292.075075,0.08113196527777779
personal jesus 20200912,1,2020-09-12,2020-09-12,0,False,221.6284353741497,0.06156345427059714
personal jesus rw demo,1,,,0,False,233.12689342403627,0.06475747039556563
places 20201202,1,2020-12-02,2020-12-02,0,False,292.4295918367347,0.08123044217687074
places 20210210,1,2021-02-10,2021-02-10,0,False,313.0367120181406,0.08695464222726128
places 20210225,1,2021-02-25,2021-02-25,0,False,311.47120181405893,0.08651977828168303
places 20210303,1,2021-03-03,2021-03-03,0,False,291.10115646258504,0.08086143235071806
places 20210308,1,2021-03-08,2021-03-08,0,False,319.0196825396825,0.08861657848324514
places 20210317,1,2021-03-17,2021-03-17,0,False,290.15609977324266,0.08059891660367852
places 20210324,1,2021-03-24,2021-03-24,0,False,334.4893650793651,0.09291371252204586
places 20210331,1,2021-03-31,2021-03-31,0,False,317.2280045351474,0.08811889014865205
places 20210408,1,2021-04-08,2021-04-08,0,False,303.00727891156464,0.08416868858654573
places 20210414,1,2021-04-14,2021-04-14,0,False,308.8290249433107,0.08578584026203075
places 20210422,1,2021-04-22,2021-04-22,0,False,319.2127664399093,0.0886702128999748
places 20210512,1,2021-05-12,2021-05-12,0,False,311.6929931972789,0.08658138699924414
places 20210526,1,2021-05-26,2021-05-26,0,False,307.0338321995465,0.08528717561098514
places 20210603,1,,,0,False,295.97589569161,0.08221552658100277
places 20210609,1,2021-06-09,2021-06-09,0,False,322.5444897959184,0.08959569160997734
places 20210623,1,2021-06-23,2021-06-23,0,False,319.74643990929707,0.0888184555303603
places 20210707,1,2021-07-07,2021-07-07,0,False,317.8961451247165,0.0883044847568657
places 20210722,1,2021-07-22,2021-07-22,0,False,337.0183446712018,0.09361620685311162
places 20210724,1,2021-07-24,2021-07-24,0,False,303.0268480725624,0.08417412446460067
places 20210731,1,,,0,False,290.7218140589569,0.08075605946082136
places 20210805,1,2021-08-05,2021-08-05,0,False,301.5193424036281,0.08375537288989669
places 20210812,1,2021-08-12,2021-08-12,0,False,318.15385487528346,0.08837607079868985
places 20210819,1,2021-08-19,2021-08-19,0,False,323.0596598639456,0.08973879440665156
places 20210914,1,2021-09-14,2021-09-14,0,False,314.877619047619,0.08746600529100529
places 20210928,1,2021-09-28,2021-09-28,0,False,338.95174603174604,0.09415326278659612
places 20211004,1,,,0,False,317.92739229024943,0.08831316452506928
places 20211013,1,2021-10-13,2021-10-13,0,False,298.4357142857143,0.08289880952380953
places 20211026,1,2021-10-26,2021-10-26,0,False,308.145873015873,0.08559607583774251
places 20211101,1,2021-11-01,2021-11-01,0,False,319.0978004535148,0.08863827790375411
places 20230405,1,2023-04-05,2023-04-05,0,False,316.25333333333333,0.08784814814814815
places 20231011,1,2023-10-11,2023-10-11,0,False,294.2812471655329,0.08174479087931469
places 20231101,1,2023-11-01,2023-11-01,0,False,305.1018367346939,0.08475051020408164
places 20240403,1,2024-04-03,2024-04-03,0,False,329.4136507936508,0.09150379188712522
places 20240410 no vox,1,2024-04-10,2024-04-10,0,False,326.2830385487528,0.09063417737465355
places 20240417,1,2024-04-17,2024-04-17,0,False,340.71362811791386,0.09464267447719829
places 20240423,1,2024-04-23,2024-04-23,0,False,314.3953968253968,0.08733205467372133
places 20250319,1,2025-03-19,2025-03-19,0,False,0.0,0.0
places no vox,1,,,0,False,0.0,0.0
play,1,2023-06-21,2023-06-21,0,False,358.63961451247167,0.09962211514235324
play 20230315,1,2023-03-15,2023-03-15,0,False,434.004716553288,0.12055686570924667
play 20230315 0.2,1,2023-03-15,2023-03-15,0,False,0.0,0.0
play 20230927,1,2023-09-27,2023-09-27,0,False,378.3313378684807,0.1050920382968002
play 20231011,1,2023-10-11,2023-10-11,0,False,386.9909070294785,0.10749747417485513
play 20231101,1,2023-11-01,2023-11-01,0,False,411.7728798185941,0.11438135550516502
play 20240403,1,2024-04-03,2024-04-03,0,False,394.9693197278912,0.10971369992441422
play 20240417,1,2024-04-17,2024-04-17,0,False,429.57802721088433,0.11932722978080121
play 20240423,1,2024-04-23,2024-04-23,0,False,454.3949433106576,0.12622081758629378
play 20240515,1,2024-05-15,2024-05-15,0,False,0.0,0.0
play 20240522,1,2024-05-22,2024-05-22,0,False,0.0,0.0
play 20241128,1,2024-11-28,2024-11-28,0,False,0.0,0.0
play 20241218,1,2024-12-18,2024-12-18,0,False,0.0,0.0
play 20241218 novox,1,2024-12-18,2024-12-18,0,False,0.0,0.0
play 20250319,1,2025-03-19,2025-03-19,0,False,0.0,0.0
play it 20200613,1,2020-06-13,2020-06-13,0,False,282.535873015873,0.07848218694885362
play it 20200620,1,2020-06-20,2020-06-20,0,False,314.6498639455782,0.08740273998488284
play it 20200627,1,2020-06-27,2020-06-27,0,False,294.1346031746032,0.08170405643738979
play it 20200704,1,2020-07-04,2020-07-04,0,False,287.0703401360544,0.07974176114890401
play it 20200725,1,2020-07-25,2020-07-25,0,False,265.81172335600905,0.07383658982111363
play it 20200801,1,2020-08-01,2020-08-01,0,False,286.2556009070295,0.07951544469639707
play it 20200808,1,2020-08-08,2020-08-08,0,False,291.9484580498866,0.08109679390274628
play it 20200831,1,,,0,False,281.18625850340135,0.0781072940287226
play it 20200912,1,2020-09-12,2020-09-12,0,False,290.48526077097506,0.08069035021415974
play it 20201010 01,1,2020-10-10,2020-10-10,0,False,294.98263038548754,0.08193961955152432
play it 20201010 02,1,2020-10-10,2020-10-10,0,False,286.1215192743764,0.07947819979843788
play it 20201014,1,,,0,False,309.0854875283447,0.08585707986898464
play it 20201017,1,2020-10-17,2020-10-17,0,False,295.4654195011338,0.08207372763920383
play it 20201022 camfield,1,,,0,False,301.18804988662134,0.08366334719072815
play it 20201107,1,2020-11-07,2020-11-07,0,False,313.7163492063492,0.087143430335097
play it 20210210,1,2021-02-10,2021-02-10,0,False,392.6366213151928,0.10906572814310912
play it 20210225,1,2021-02-25,2021-02-25,0,False,135.14244897959185,0.03753956916099774
play it 20210303,1,2021-03-03,2021-03-03,0,False,384.133492063492,0.10670374779541444
play it 20210308,1,2021-03-08,2021-03-08,0,False,304.8517233560091,0.08468103426555808
play it 20210317,1,2021-03-17,2021-03-17,0,False,446.35102040816327,0.12398639455782313
play it 20210324,1,2021-03-24,2021-03-24,0,False,326.3950113378685,0.09066528092718569
play it 20210331,1,2021-03-31,2021-03-31,0,False,468.9774376417234,0.13027151045603427
play it 20210408,1,2021-04-08,2021-04-08,0,False,491.66791383219953,0.1365744205089443
play it 20210414,1,2021-04-14,2021-04-14,0,False,491.0762585034013,0.13641007180650036
play it 20210422,1,2021-04-22,2021-04-22,0,False,656.8580725623583,0.1824605757117662
play it 20210512,1,2021-05-12,2021-05-12,0,False,473.493537414966,0.13152598261526832
play it 20210526,1,2021-05-26,2021-05-26,0,False,426.8837641723356,0.11857882338120433
play it 20210609,1,2021-06-09,2021-06-09,0,False,344.90467120181404,0.095806853111615
play it 20210623,1,2021-06-23,2021-06-23,0,False,400.38367346938776,0.11121768707482993
play it 20210707,1,2021-07-07,2021-07-07,0,False,405.3428571428572,0.11259523809523811
play it 20210805,1,2021-08-05,2021-08-05,0,False,378.0652154195012,0.10501811539430589
play it 20210812,1,2021-08-12,2021-08-12,0,False,461.1145351473923,0.12808737087427563
play it 20210831,1,2021-08-31,2021-08-31,0,False,383.1514739229025,0.10643096497858402
play it 20210914,1,2021-09-14,2021-09-14,0,False,398.70585034013607,0.11075162509448223
play it 20211006,1,2021-10-06,2021-10-06,0,False,341.35761904761904,0.09482156084656085
play it 20211101,1,2021-11-01,2021-11-01,0,False,381.94727891156464,0.10609646636432352
play it 20230329,1,2023-03-29,2023-03-29,0,False,449.9054648526077,0.12497374023683547
play it 20230405,1,2023-04-05,2023-04-05,0,False,397.8631519274376,0.11051754220206601
play it 20230419,1,2023-04-19,2023-04-19,0,False,436.062,0.12112833333333334
playit 20220928,1,2022-09-28,2022-09-28,0,False,378.9466213151928,0.10526295036533133
playit 20221005,1,2022-10-05,2022-10-05,0,False,378.3292063492064,0.10509144620811289
proj003 starlight,1,2019-07-20,2019-07-20,0,False,405.73925,0.11270534722222222
run away 20191102,1,2019-11-02,2019-11-02,0,False,295.0,0.08194444444444444
run away 20191109,1,2019-11-09,2019-11-09,0,False,317.4237641723356,0.08817326782564879
run away 20191116,1,2019-11-16,2019-11-16,0,False,287.5559183673469,0.0798766439909297
run away 20200215,1,2020-02-15,2020-02-15,0,False,301.2361904761905,0.08367671957671957
runaway 20190928,1,2019-09-28,2019-09-28,1,False,346.0,0.0961111111111111
runaway 20191019,1,2019-10-19,2019-10-19,1,False,296.0,0.08222222222222222
runaway 20191214,1,2019-12-14,2019-12-14,0,False,278.5,0.07736111111111112
sad news 20230524,1,2023-05-24,2023-05-24,0,False,384.0522,0.10668116666666667
self loathing 20230329,1,2023-03-29,2023-03-29,0,False,485.0237868480726,0.13472882968002017
session 20250312,1,2025-03-13,2025-03-13,0,False,0.0,0.0
sheron alan,1,,,0,False,300.387375,0.0834409375
snare,1,,,0,False,0.0,0.0
soarer baby 20200215,1,2020-02-15,2020-02-15,0,False,261.7873469387755,0.0727187074829932
song 01 claire,1,2019-08-31,2019-08-31,0,False,193.96454166666663,0.05387903935185184
song 02,1,2019-02-09,2019-02-09,1,False,357.7266,0.0993685
song 22,1,2019-05-04,2019-05-04,1,False,245.601,0.0682225
song 23,1,2019-05-18,2019-05-18,1,False,180.1422,0.0500395
song 29,1,,,1,False,428.02166666666665,0.11889490740740741
songx,1,2022-04-27,2022-04-27,0,False,94.70714285714286,0.026307539682539682
starlight alan,1,,,0,False,405.73925,0.11270534722222222
sway 20230628,1,2023-06-28,2023-06-28,0,False,251.1412,0.06976144444444445
the same song 20230215,1,2023-02-15,2023-02-15,0,False,323.7113605442177,0.08991982237339381
tiananmen minus vocals mp3,1,,,0,False,318.80370833333336,0.08855658564814815
tianenmen 20191116,1,2019-11-16,2019-11-16,0,False,269.7229931972789,0.07492305366591082
tiannmen 20190914,1,2019-09-14,2019-09-14,1,False,266.0,0.07388888888888889
toms,1,,,0,False,0.0,0.0
track01,1,2025-03-19,2025-03-19,0,False,0.0,0.0
track02,1,2025-03-19,2025-03-19,0,False,0.0,0.0
track04,1,,,0,False,0.0,0.0
trashy ap,1,,,0,False,290.2204081632653,0.08061678004535147
try,1,2023-06-21,2023-06-21,0,False,292.4373922902494,0.08123260896951373
try 20200502,1,2020-05-02,2020-05-02,0,False,160.95480725623582,0.04470966868228773
try 20200516,1,2020-05-16,2020-05-16,0,False,260.44727891156464,0.07234646636432351
try 20200523,1,2020-05-23,2020-05-23,0,False,277.1600680272109,0.07698890778533636
try 20200606,1,2020-06-06,2020-06-06,0,False,290.1599546485261,0.08059998740236836
try 20200620,1,2020-06-20,2020-06-20,0,False,262.92480725623585,0.07303466868228774
try 20200627,1,2020-06-27,2020-06-27,0,False,248.34514739229024,0.06898476316452506
try 20200704,1,2020-07-04,2020-07-04,0,False,260.26249433106574,0.07229513731418492
try 20200725,1,2020-07-25,2020-07-25,0,False,269.33943310657594,0.0748165091962711
try 20200801,1,2020-08-01,2020-08-01,0,False,289.5362131519274,0.0804267258755354
try 20200808,1,2020-08-08,2020-08-08,0,False,256.0469160997732,0.07112414336104812
try 20200822,1,2020-08-22,2020-08-22,0,False,272.0392970521542,0.07556647140337618
try 20200912,1,2020-09-12,2020-09-12,0,False,284.20360544217687,0.07894544595616024
try 20201010 01,1,2020-10-10,2020-10-10,0,False,270.69968253968256,0.07519435626102293
try 20201010 02,1,2020-10-10,2020-10-10,0,False,271.99163265306123,0.07555323129251701
try 20201017,1,2020-10-17,2020-10-17,0,False,269.30031746031744,0.07480564373897707
try 20201104 rosemount,1,,,0,False,282.0406575963719,0.0783446271101033
try 20201107,1,2020-11-07,2020-11-07,0,False,306.5034013605442,0.08513983371126228
try 20201125,1,2020-11-25,2020-11-25,0,False,267.85902494331066,0.07440528470647519
try 20201202,1,2020-12-02,2020-12-02,0,False,279.07360544217687,0.07752044595616024
try 20201219,1,2020-12-19,2020-12-19,0,False,278.1750566893424,0.07727084908037289
try 202100902,1,,,0,False,282.67285714285714,0.0785202380952381
try 20210113,1,2021-01-13,2021-01-13,0,False,297.15183673469386,0.08254217687074829
try 20210116,1,2021-01-16,2021-01-16,0,False,283.0951700680272,0.07863754724111867
try 20210120,1,2021-01-20,2021-01-20,0,False,277.9192970521542,0.0771998047367095
try 20210210,1,2021-02-10,2021-02-10,0,False,275.55238095238093,0.07654232804232804
try 20210217,1,,,0,False,291.3746485260771,0.08093740236835475
try 20210225,1,2021-02-25,2021-02-25,0,False,312.75725623582764,0.08687701562106323
try 20210303,1,2021-03-03,2021-03-03,0,False,303.999387755102,0.08444427437641723
try 20210308,1,2021-03-08,2021-03-08,0,False,317.05433106575964,0.08807064751826657
try 20210313,1,,,0,False,304.6505215419501,0.08462514487276393
try 20210317,1,2021-03-17,2021-03-17,0,False,324.9544897959184,0.09026513605442177
try 20210321,1,,,0,False,294.6924036281179,0.08185900100781053
try 20210331,1,2021-03-31,2021-03-31,0,False,278.16680272108846,0.07726855631141347
try 20210408,1,2021-04-08,2021-04-08,0,False,305.18063492063493,0.08477239858906525
try 20210414,1,2021-04-14,2021-04-14,0,False,272.08408163265307,0.07557891156462586
try 20210422,1,2021-04-22,2021-04-22,0,False,295.23732426303854,0.08201036785084403
try 20210512,1,2021-05-12,2021-05-12,0,False,279.4465306122449,0.07762403628117913
try 20210519,1,,,0,False,283.8026077097506,0.07883405769715295
try 20210526,1,2021-05-26,2021-05-26,0,False,289.52473922902493,0.08042353867472915
try 20210603,1,,,0,False,291.5571655328798,0.08098810153691106
try 20210609,1,2021-06-09,2021-06-09,0,False,290.268253968254,0.08063007054673722
try 20210623,1,2021-06-23,2021-06-23,0,False,291.4578004535147,0.08096050012597632
try 20210707,1,2021-07-07,2021-07-07,0,False,295.05120181405897,0.08195866717057193
try 20210722,1,2021-07-22,2021-07-22,0,False,294.47378684807256,0.0817982741244646
try 20210724,1,2021-07-24,2021-07-24,0,False,282.5484126984127,0.07848567019400352
try 20210731,1,,,0,False,286.69274376417235,0.07963687326782565
try 20210812,1,2021-08-12,2021-08-12,0,False,309.4321315192744,0.08595336986646511
try 20210819,1,2021-08-19,2021-08-19,0,False,296.67197278911567,0.08240888133030991
try 20210824,1,2021-08-24,2021-08-24,0,False,286.40891156462584,0.07955803099017385
try 20210831,1,2021-08-31,2021-08-31,0,False,307.2121541950113,0.08533670949861424
try 20210914,1,2021-09-14,2021-09-14,0,False,295.8991156462585,0.08219419879062737
try 20210928,1,2021-09-28,2021-09-28,0,False,303.99478458049884,0.08444299571680523
try 20211004,1,,,0,False,290.55378684807255,0.0807093852355757
try 20211013,1,2021-10-13,2021-10-13,0,False,283.86702947845805,0.07885195263290501
try 20211026,1,2021-10-26,2021-10-26,0,False,298.47002267573697,0.08290833963214916
try 20211101,1,2021-11-01,2021-11-01,0,False,300.0783446712018,0.0833550957420005
try 20221005,1,2022-10-05,2022-10-05,0,False,306.3566439909297,0.08509906777525825
try 20230315,1,2023-03-15,2023-03-15,0,False,302.0696371882086,0.08390823255228017
try 20230405,1,2023-04-05,2023-04-05,0,False,288.7590929705215,0.0802108591584782
try 20230927,1,2023-09-27,2023-09-27,0,False,324.45149659863944,0.09012541572184429
try 20231011,1,2023-10-11,2023-10-11,0,False,298.7065306122449,0.08297403628117914
try 20231101,1,2023-11-01,2023-11-01,0,False,310.5650113378685,0.08626805870496347
try 20240417,1,2024-04-17,2024-04-17,0,False,319.4915192743764,0.08874764424288234
try 20240821,1,2024-08-21,2024-08-21,0,False,282.5556916099773,0.07848769211388258
try 20240911,1,2024-09-11,2024-09-11,0,False,0.0,0.0
try 20240918,1,2024-09-18,2024-09-18,0,False,0.0,0.0
try 20241002,1,2024-10-02,2024-10-02,0,False,0.0,0.0
try 20241009,1,2024-10-09,2024-10-09,0,False,0.0,0.0
try 20241023,1,2024-10-23,2024-10-23,0,False,0.0,0.0
try 20241030,1,2024-10-30,2024-10-30,0,False,0.0,0.0
try 20241128,1,2024-11-28,2024-11-28,0,False,0.0,0.0
try 20241218,1,2024-12-18,2024-12-18,0,False,0.0,0.0
try 20241218 novox,1,2024-12-18,2024-12-18,0,False,0.0,0.0
try 20250211,1,2025-02-11,2025-02-11,0,False,0.0,0.0
try 20250319,1,2025-03-19,2025-03-19,0,False,0.0,0.0
try working 20241023,1,2024-10-23,2024-10-23,0,False,0.0,0.0
unexpected,1,2023-02-15,2023-02-15,0,False,167.0269,0.04639636111111112
untitled 01,1,2021-03-31,2021-03-31,0,False,798.790566893424,0.22188626858150667
vanilla 20221130,1,2022-11-30,2022-11-30,0,False,482.1885487528345,0.13394126354245403
vanilla scene 20210923,1,2021-09-23,2021-09-23,0,False,455.74038548752833,0.12659455152431343
vanilla scene alan,1,,,0,False,445.8632916666666,0.12385091435185183
vox,1,,,0,False,0.0,0.0
wait 20240417,1,2024-04-17,2024-04-17,0,False,332.20621315192744,0.09227950365331318
wait 20240423,1,2024-04-23,2024-04-23,0,False,341.47408163265305,0.09485391156462585
wait for me 20200613,1,2020-06-13,2020-06-13,0,False,244.74172335600903,0.06798381204333584
wait for me 20200620,1,2020-06-20,2020-06-20,0,False,245.12696145124715,0.06809082262534644
wait for me 20200627,1,2020-06-27,2020-06-27,0,False,248.1748752834467,0.06893746535651298
wait for me 20200704,1,2020-07-04,2020-07-04,0,False,302.77149659863943,0.08410319349962206
wait for me 20200725,1,2020-07-25,2020-07-25,0,False,313.7236507936508,0.08714545855379188
wait for me 20200801,1,2020-08-01,2020-08-01,0,False,303.91038548752834,0.08441955152431344
wait for me 20200808,1,2020-08-08,2020-08-08,0,False,281.36909297052154,0.07815808138070042
wait for me 20200822,1,2020-08-22,2020-08-22,0,False,270.6402267573696,0.07517784076593599
wait for me 20200912,1,2020-09-12,2020-09-12,0,False,289.073537414966,0.08029820483749055
wait for me 20201010 01,1,2020-10-10,2020-10-10,0,False,310.05380952380955,0.0861260582010582
wait for me 20201010 02,1,2020-10-10,2020-10-10,0,False,311.12181405895694,0.08642272612748804
wait for me 202010122 camfield,1,,,0,False,303.82104308390024,0.08439473418997229
wait for me 20201014,1,,,0,False,303.7581632653061,0.08437726757369614
wait for me 20201017,1,2020-10-17,2020-10-17,0,False,296.34639455782315,0.08231844293272865
wait for me 20201104 rosemount,1,,,0,False,298.5675510204082,0.08293543083900227
wait for me 20201107,1,2020-11-07,2020-11-07,0,False,300.6095238095238,0.08350264550264551
wait for me 20201125,1,2020-11-25,2020-11-25,0,False,278.5881859410431,0.07738560720584531
wait for me 20201202,1,2020-12-02,2020-12-02,0,False,305.95226757369613,0.08498674099269338
wait for me 20201219,1,2020-12-19,2020-12-19,0,False,299.0265759637188,0.08306293776769967
wait for me 20210113,1,2021-01-13,2021-01-13,0,False,318.66356009070296,0.08851765558075082
wait for me 20210116,1,2021-01-16,2021-01-16,0,False,312.0056462585034,0.0866682350718065
wait for me 20210120,1,2021-01-20,2021-01-20,0,False,305.4981179138322,0.08486058830939783
wait for me 20210210,1,2021-02-10,2021-02-10,0,False,313.21496598639453,0.08700415721844293
wait for me 20210217,1,,,0,False,312.16517006802724,0.08671254724111868
wait for me 20210225,1,2021-02-25,2021-02-25,0,False,314.5327437641723,0.08737020660115898
wait for me 20210303,1,2021-03-03,2021-03-03,0,False,310.76385487528347,0.08632329302091207
wait for me 20210308,1,2021-03-08,2021-03-08,0,False,312.945306122449,0.08692925170068028
wait for me 20210313,1,,,0,False,299.10562358276644,0.08308489543965734
wait for me 20210317,1,2021-03-17,2021-03-17,0,False,303.8981632653061,0.08441615646258503
wait for me 20210321,1,,,0,False,312.90392290249434,0.08691775636180399
wait for me 20210324,1,2021-03-24,2021-03-24,0,False,327.5596598639456,0.09098879440665156
wait for me 20210331,1,2021-03-31,2021-03-31,0,False,297.7523129251701,0.08270897581254724
wait for me 20210408mp3,1,2021-04-08,2021-04-08,0,False,288.67315192743763,0.08018698664651046
wait for me 20210414,1,2021-04-14,2021-04-14,0,False,297.4439909297052,0.082623330813807
wait for me 20210422,1,2021-04-22,2021-04-22,0,False,314.3256916099773,0.08731269211388258
wait for me 20210512,1,2021-05-12,2021-05-12,0,False,314.1264172335601,0.08725733812043336
wait for me 20210519,1,,,0,False,295.0684580498866,0.08196346056941295
wait for me 20210526,1,2021-05-26,2021-05-26,0,False,329.7434467120181,0.09159540186444948
wait for me 20210603,1,,,0,False,305.0634013605442,0.08473983371126229
wait for me 20210609,1,2021-06-09,2021-06-09,0,False,328.3197732426304,0.09119993701184177
wait for me 20210623,1,2021-06-23,2021-06-23,0,False,337.2720408163265,0.09368667800453515
wait for me 20210707,1,2021-07-07,2021-07-07,0,False,328.9534013605442,0.09137594482237339
wait for me 20210722,1,2021-07-22,2021-07-22,0,False,328.75689342403626,0.09132135928445452
wait for me 20210724,1,2021-07-24,2021-07-24,0,False,325.1650793650793,0.09032363315696647
wait for me 20210731,1,,,0,False,322.0419727891156,0.08945610355253211
wait for me 20210824,1,2021-08-24,2021-08-24,0,False,327.03979591836736,0.09084438775510205
wait for me 20210831,1,2021-08-31,2021-08-31,0,False,327.19619047619045,0.09088783068783068
wait for me 20210902,1,,,0,False,316.2197505668934,0.08783881960191484
wait for me 20210914,1,2021-09-14,2021-09-14,0,False,375.63242630385486,0.10434234063995969
wait for me 20210928,1,2021-09-28,2021-09-28,0,False,323.661768707483,0.08990604686318973
wait for me 20211004,1,,,0,False,325.1943083900227,0.09033175233056186
wait for me 20211013,1,2021-10-13,2021-10-13,0,False,305.025873015873,0.08472940917107584
wait for me 20211101,1,2021-11-01,2021-11-01,0,False,338.0584807256236,0.09390513353489545
wait for me edit,1,,,0,False,0.0,0.0
wall 20231011,1,2023-10-11,2023-10-11,0,False,176.734716553288,0.04909297682035778
wall 20231101,1,2023-11-01,2023-11-01,0,False,179.7489342403628,0.04993025951121188
wall of sound 20230726,1,2023-07-26,2023-07-26,0,False,142.5763,0.03960452777777778
wall of sound 20230823,1,2023-08-23,2023-08-23,0,False,151.457925,0.04207164583333333
wall of sound 20230830,1,2023-08-30,2023-08-30,0,False,192.0522,0.05334783333333333
wall of sound 20230927,1,2023-09-27,2023-09-27,0,False,179.07013605442177,0.0497417044595616
wall of sound 20240403,1,2024-04-03,2024-04-03,0,False,178.2456916099773,0.04951269211388259
we are one 20210324,1,2021-03-24,2021-03-24,0,False,320.222335600907,0.08895064877802972
we are one 20210331,1,2021-03-31,2021-03-31,0,False,300.6212244897959,0.08350589569160997
we are one 20210408,1,2021-04-08,2021-04-08,0,False,366.3163038548753,0.10175452884857647
we are one 20210414,1,2021-04-14,2021-04-14,0,False,356.49732426303854,0.0990270345175107
we are one 20210422,1,2021-04-14,2021-04-14,0,False,450.7813378684807,0.1252170382968002
we are one 20210623,1,2021-06-23,2021-06-23,0,False,322.4352380952381,0.08956534391534392
we are one 20210707,1,2021-07-07,2021-07-07,0,False,375.5983673469388,0.10433287981859411
we are one 20210722,1,2021-07-22,2021-07-22,0,False,357.6913151927438,0.09935869866465105
we are one 20210724,1,2021-07-24,2021-07-24,0,False,321.97256235827666,0.08943682287729907
we are one 20210805,1,2021-08-05,2021-08-05,0,False,364.67925170068025,0.10129979213907785
we are one 20210824,1,2021-08-24,2021-08-24,0,False,371.791179138322,0.10327532753842278
we are one 20210914,1,2021-09-14,2021-09-14,0,False,333.31049886621315,0.09258624968505921
we are one 20210928,1,2021-09-28,2021-09-28,0,False,321.47916099773244,0.08929976694381457
we are one 20211006,1,2021-10-06,2021-10-06,0,False,347.1433333333333,0.0964287037037037
we are one 20211013,1,2021-10-13,2021-10-13,0,False,351.3778458049887,0.09760495716805241
we are one 20211026,1,2021-10-26,2021-10-26,0,False,324.9985487528345,0.09027737465356514
we are one 20211101,1,2021-11-01,2021-11-01,0,False,341.29208616780045,0.09480335726883346
we are one 20211201,1,2021-12-01,2021-12-01,0,False,329.3149433106576,0.09147637314184934
we are one 20220316,1,2022-03-16,2022-03-16,0,False,338.9368253968254,0.09414911816578483
weareone 20220928,1,2022-09-28,2022-09-28,0,False,339.31204081632654,0.09425334467120182
wfm,1,2023-06-21,2023-06-21,0,False,309.4926757369615,0.08597018770471151
wfm 20230927,1,2023-09-27,2023-09-27,0,False,317.9826757369614,0.08832852103804484
wfm 20231011,1,2023-10-11,2023-10-11,0,False,320.9331972789116,0.08914811035525323
wfm 20231101,1,2023-11-01,2023-11-01,0,False,318.7306802721088,0.08853630007558579
wild 20210324,1,2021-03-24,2021-03-24,0,False,490.30102040816325,0.13619472789115647
wild free 20210923,1,2021-09-23,2021-09-23,0,False,629.6670521541951,0.1749075144872764
wild free 20210928,1,2021-09-28,2021-09-28,0,False,319.68589569161,0.0888016376921139
